y_true,y_pred
0.15327324078823287,0.32421875
0.15327324078823287,0.31640625
0.15327324092099606,0.251953125
0.1532732408546145,0.07177734375
0.15327324078823287,0.078125
0.1139068088028715,0.0830078125
0.09362098883993573,0.08154296875
0.09362098877355411,0.07470703125
0.09362098890631734,0.0810546875
0.09362098870717248,0.076171875
0.09362098890631734,0.267578125
0.09362098890631734,0.2890625
0.09362098877355411,0.26953125
0.0936209888399357,0.259765625
0.09362098877355411,0.259765625
0.26045407289129774,0.259765625
0.7318319512591414,0.26171875
0.7318319514582863,0.255859375
0.1769039401925048,0.1396484375
0.08699508211491001,0.1142578125
0.08699508204852838,0.12353515625
0.08699508211491001,0.1279296875
0.08699508198214681,0.13671875
0.08699508211491007,0.1357421875
0.08699508204852838,0.130859375
0.08699508204852838,0.1279296875
0.08699508204852838,0.2158203125
0.08699508211491001,0.1884765625
0.09233084859146849,0.1904296875
0.1751708712418816,0.1923828125
0.17517087117550004,0.1904296875
0.17517087117549995,0.1953125
0.1751708712418816,0.18359375
0.17517087117549995,0.1806640625
0.17517087117549995,0.310546875
0.1751708712418816,0.302734375
0.5302977291837635,0.28515625
0.7197946049248299,0.279296875
0.5443720993126776,0.2890625
0.04405353516645544,0.287109375
0.044053535166455465,0.291015625
0.044053535166455465,0.2890625
0.044053535166455486,0.228515625
0.044053535100073836,0.09228515625
0.044053535166455486,0.08544921875
0.04405353516645544,0.08251953125
0.044053535232837115,0.08056640625
0.044053534967310515,0.07568359375
0.04405353523283707,0.072265625
0.04405353516645542,0.07568359375
0.044053535166455486,0.2294921875
0.044053535166455486,0.2890625
0.044053535166455465,0.27734375
0.3672819684735012,0.279296875
0.4222639779754894,0.27734375
0.422263978041871,0.283203125
0.4324888048461967,0.279296875
0.5992378700672074,0.28515625
0.5992378701335891,0.171875
0.22705859241911303,0.107421875
0.03572421462088902,0.11376953125
0.03572421462088902,0.12109375
0.035724214620888935,0.12255859375
0.03572421462088902,0.11181640625
0.03572421462088902,0.10888671875
0.035724214620888955,0.1103515625
0.035724214620888955,0.11767578125
0.03572421462088898,0.05859375
0.035724214620888955,0.0517578125
0.035724214687270585,0.051513671875
0.03572421462088898,0.051513671875
0.0357242145545074,0.048095703125
0.035724214620888955,0.04443359375
0.03572421455450734,0.0478515625
0.20790262503282103,0.265625
0.702343832776492,0.349609375
0.7023438328428736,0.349609375
0.3328727406786736,0.34765625
0.2717550965320786,0.34765625
0.27175509646569695,0.349609375
0.2717550965984602,0.35546875
0.2717550965320786,0.359375
0.13477387235570304,0.140625
0.06344616753362531,0.0986328125
0.0634461676000069,0.1123046875
0.063446167600007,0.11669921875
0.06344616753362531,0.1181640625
0.06344616753362531,0.1181640625
0.063446167600007,0.1240234375
0.0634461676000069,0.107421875
0.06344616753362538,0.1982421875
0.0634461676000069,0.30859375
0.06344616753362531,0.29296875
0.063446167600007,0.29296875
0.06344616746724364,0.291015625
0.50406215269818,0.287109375
0.7329593823666991,0.28515625
0.5747858336801355,0.287109375
0.12597346647680535,0.30078125
0.12597346641042373,0.365234375
0.1259734664104237,0.365234375
0.12597346647680535,0.37109375
0.12597346641042367,0.37109375
0.12597346647680535,0.375
0.12597346647680538,0.37109375
0.1259734663440421,0.3671875
0.12151681568625279,0.2421875
0.11627921847927367,0.34375
0.11627921828012887,0.369140625
0.11627921841289213,0.3671875
0.11627921834651046,0.369140625
0.11627921841289213,0.37109375
0.11627921828012884,0.3671875
0.11627921854565539,0.365234375
0.11627921828012887,0.337890625
0.15263029228726438,0.240234375
0.757296415965875,0.236328125
0.7572964158994935,0.2412109375
0.5327438545977798,0.234375
0.4948102058972595,0.236328125
0.4948102058972595,0.2421875
0.661132945590176,0.244140625
0.7479474931715495,0.4375
0.7504598722978103,0.5078125
0.757615111912823,0.5234375
0.7585656511123896,0.5390625
0.7735949902197797,0.5390625
0.7735949902197797,0.53515625
0.8775645214399727,0.53515625
0.8946959171632771,0.5390625
0.8950920814677448,0.84375
0.895158198035542,0.859375
0.8802510750758333,0.859375
0.8777507365150842,0.86328125
0.9100190414489852,0.86328125
0.9154211868335413,0.8671875
0.8828855760878612,0.86328125
0.8776277827347342,0.8671875
0.8929436886820344,0.87109375
0.8954192718071667,0.875
0.9106569008686985,0.87109375
0.913121496373729,0.875
0.882649491879861,0.8828125
0.877707909676521,0.8828125
0.8775975358124234,0.88671875
0.8775796579783092,0.88671875
0.876734125223412,0.87890625
0.8765970259160746,0.875
0.8919680670509433,0.8828125
0.894505565981586,0.8828125
0.8814826611508969,0.88671875
0.8792982952971212,0.88671875
0.89026701283181,0.8828125
0.8920555585034863,0.8828125
0.8805220588945663,0.875
0.8785317976389667,0.8515625
0.8957526834993009,0.84765625
0.8986806162074689,0.8515625
0.7904485534652396,0.8515625
0.7730102252835763,0.84375
0.746268398991227,0.83984375
0.7324178600835868,0.8515625
0.7362712638318473,0.458984375
0.7472571914678375,0.458984375
0.7472571913350743,0.462890625
0.7337588981146757,0.466796875
0.7315709108110946,0.466796875
0.7317167181933721,0.466796875
0.7318886349973662,0.46484375
0.7317788216597494,0.46484375
0.7300031732085148,0.46875
0.7300031732085148,0.455078125
0.7487951754299964,0.447265625
0.7588245563289372,0.4453125
0.7404454155823726,0.458984375
0.7184112186667275,0.439453125
0.7191964514777434,0.43359375
0.7319035277823586,0.435546875
0.7319035278487402,0.5859375
0.31936135394735427,0.4765625
0.10453237116708604,0.46875
0.10453237136623089,0.46875
0.10453237136623089,0.46484375
0.10453237123346763,0.466796875
0.10453237123346763,0.4609375
0.10453237129984926,0.451171875
0.10453237129984926,0.408203125
0.10453237129984926,0.4140625
0.10453237123346763,0.42578125
0.1352238076388681,0.42578125
0.1402628903832503,0.427734375
0.14026289051601354,0.419921875
0.14026289031686873,0.4140625
0.140262890449632,0.41796875
0.14026289051601362,0.421875
0.14026289044963192,0.4375
0.1402628904496319,0.439453125
0.41168532878745456,0.44140625
0.731737430722217,0.439453125
0.6925625756553381,0.4375
0.05370089874831186,0.431640625
0.053700898681930266,0.416015625
0.053700898814693476,0.25
0.053700898681930266,0.1845703125
0.0537008986819303,0.1953125
0.05370089881469351,0.189453125
0.053700898681930266,0.185546875
0.05370089868193023,0.1845703125
0.05370089874831186,0.181640625
0.05370089874831197,0.1787109375
0.053700898681930266,0.130859375
0.05370089874831191,0.06494140625
0.053700898681930266,0.07666015625
0.22995296821777103,0.0810546875
0.32169601644025725,0.08935546875
0.32169601644025725,0.0908203125
0.32169601644025725,0.09521484375
0.32169601650663887,0.09228515625
0.5865915399237881,0.55078125
0.728542725113993,0.578125
0.7285427251803746,0.56640625
0.721378224000394,0.5625
0.7201086311232773,0.5546875
0.7378208526305006,0.56640625
0.7587863605383847,0.5625
0.7794119870677464,0.55859375
0.8379308383412951,0.7734375
0.8401308531995882,0.86328125
0.8754569446605003,0.8671875
0.8746697934867693,0.8671875
0.8609013549803839,0.8671875
0.8627125818608955,0.87109375
0.893035175910392,0.87109375
0.8924149272714968,0.87109375
0.8809696507734415,0.875
0.8806892192556511,0.87890625
0.8761598337152073,0.875
0.8762494017842705,0.875
0.8777817596377903,0.875
0.8777943536933296,0.875
0.8780086042531421,0.875
0.8780618713952706,0.8828125
0.8789549914809192,0.875
0.8776974983153459,0.8671875
0.8576468320891077,0.875
0.858844249614326,0.87890625
0.8796579151204552,0.87890625
0.8795261331144156,0.87890625
0.8774085634435614,0.875
0.8774334130083291,0.87890625
0.8778362264951116,0.859375
0.8767804422752985,0.84765625
0.8597930188805015,0.84765625
0.8566486153461549,0.85546875
0.8060019400245013,0.84375
0.8060019400245012,0.84375
0.7308073145612085,0.83984375
0.7183179469674019,0.8515625
0.723223793815292,0.470703125
0.7289665125404781,0.515625
0.7284586833819795,0.55078125
0.7190890138058882,0.5546875
0.7190890138058882,0.5546875
0.744423014115549,0.56640625
0.7576577441204478,0.57421875
0.5424048400883293,0.578125
0.2862038488294167,0.578125
0.2862038488957984,0.044921875
0.2862038488294167,0.044921875
0.2862038488294168,0.054931640625
0.1844279002867492,0.058349609375
0.06434556718867483,0.06494140625
0.06434556718867483,0.06494140625
0.06434556712229322,0.06494140625
0.06434556712229322,0.236328125
0.06434556718867483,0.208984375
0.06434556712229327,0.1904296875
0.06434556712229322,0.1865234375
0.06434556718867486,0.205078125
0.06434556712229327,0.205078125
0.06434556712229322,0.2001953125
0.06434556705591157,0.205078125
0.06434556725505655,0.337890625
0.10298308506866388,0.419921875
0.7168504433686099,0.408203125
0.7168504432358467,0.400390625
0.32503653175411573,0.390625
0.12135815854639867,0.388671875
0.12135815854639867,0.396484375
0.12135815841363541,0.400390625
0.12135815854639864,0.1630859375
0.12135815861278024,0.083984375
0.12135815854639864,0.09033203125
0.121358158480017,0.09814453125
0.12135815854639867,0.09814453125
0.12350853415138638,0.091796875
0.12461691047853622,0.10107421875
0.12461691041215463,0.09326171875
0.12461691041215463,0.26953125
0.1246169104121546,0.244140625
0.1246169104121546,0.2314453125
0.12461691047853626,0.2236328125
0.12461691047853626,0.224609375
0.12461691034577303,0.21875
0.3972884516758532,0.224609375
0.7157691339518027,0.23046875
0.6784310996010349,0.1435546875
0.057974835430900755,0.1591796875
0.057974835298137496,0.15625
0.057974835364519126,0.1513671875
0.05797483529813746,0.1572265625
0.057974835430900755,0.1533203125
0.05797483529813746,0.1533203125
0.057974835298137524,0.150390625
0.05797483536451915,0.2021484375
0.05797483523175586,0.125
0.057974835430900755,0.125
0.05797483536451915,0.1298828125
0.057974835298137524,0.1328125
0.07045519085552196,0.1357421875
0.27183432214409814,0.1337890625
0.27183432221047976,0.1396484375
0.2718343220777165,0.2373046875
0.271834322343243,0.32421875
0.27183432214409814,0.322265625
0.4961212365109575,0.32421875
0.5329244187375232,0.33203125
0.532924418936668,0.328125
0.11030691112131145,0.33203125
0.04037158713538955,0.32421875
0.04037158720177116,0.1640625
0.04037158713538955,0.08544921875
0.04037158726815279,0.08544921875
0.04037158706900792,0.08349609375
0.04037158720177116,0.0849609375
0.04037158726815279,0.080078125
0.04037158706900792,0.07861328125
0.04037158726815279,0.08154296875
0.04037158713538955,0.181640625
0.04037158720177116,0.267578125
0.04037158720177116,0.2578125
0.04037158720177116,0.248046875
0.04037158713538955,0.244140625
0.3504887476561657,0.2392578125
0.7170953915819982,0.2392578125
0.6860875245027614,0.2451171875
0.18014823832136703,0.1357421875
0.1801482381886038,0.13671875
0.1801482382549853,0.1455078125
0.18014823825498535,0.154296875
0.1801482382549854,0.150390625
0.18014823838774868,0.15234375
0.17441222201656295,0.1484375
0.08092123077808068,0.138671875
0.08092123077808078,0.11572265625
0.0809212308444623,0.080078125
0.08092123077808074,0.078125
0.08092123077808071,0.08154296875
0.08092123077808068,0.08154296875
0.08092123077808068,0.0810546875
0.08092123084446234,0.0810546875
0.08092123077808068,0.07958984375
0.08092123077808068,0.298828125
0.08092123084446237,0.29296875
0.627969218123802,0.27734375
0.7159690572317254,0.271484375
0.42968736014272285,0.279296875
0.09026676698080655,0.283203125
0.09026676711356976,0.287109375
0.0902667670471882,0.291015625
0.0902667670471882,0.126953125
0.09026676704718817,0.08544921875
0.0902667670471882,0.09033203125
0.0902667671135698,0.0966796875
0.09026676704718817,0.10595703125
0.09026676704718817,0.10546875
0.09026676704718814,0.10693359375
0.1494420425580498,0.10546875
0.1591114600423416,0.2294921875
0.1591114600423416,0.267578125
0.1591114600423416,0.255859375
0.1591114600423416,0.251953125
0.1591114600423416,0.251953125
0.15911146004234156,0.2578125
0.30535325240016953,0.2578125
0.7317716503859171,0.26171875
0.7317716503195355,0.3046875
0.14584865465738248,0.1650390625
0.045967539728421186,0.1689453125
0.04596753972842115,0.173828125
0.045967539728421186,0.1796875
0.045967539728421186,0.1787109375
0.045967539728421186,0.1796875
0.045967539728421186,0.1796875
0.04596753966203956,0.1865234375
0.04596753986118441,0.12158203125
0.04596753966203956,0.1259765625
0.045967539794802795,0.130859375
0.04596753959565793,0.134765625
0.045967539794802795,0.130859375
0.04596753966203956,0.123046875
0.2679600128292139,0.11865234375
0.38203703534898914,0.19921875
0.3820370354153708,0.322265625
0.3820370354153707,0.306640625
0.34496929637307305,0.296875
0.30145808730488344,0.302734375
0.30145808730488355,0.306640625
0.3014580873712651,0.310546875
0.3014580873048835,0.302734375
0.13977981373957707,0.1279296875
0.05636787869856581,0.06201171875
0.05636787869856581,0.052001953125
0.05636787876494744,0.055419921875
0.05636787869856581,0.056884765625
0.05636787876494744,0.05517578125
0.0563678786321842,0.05517578125
0.05636787883132906,0.0517578125
0.05636787876494744,0.26171875
0.05636787869856581,0.26953125
0.05636787876494744,0.24609375
0.05636787869856581,0.248046875
0.05636787876494744,0.2490234375
0.22821122511322042,0.2470703125
0.7166283095256061,0.2421875
0.7166283095256061,0.255859375
0.21831085399070194,0.1142578125
0.13607726695777958,0.1279296875
0.13607726695777958,0.1396484375
0.13607726695777958,0.14453125
0.13607726695777958,0.1416015625
0.13607726695777958,0.14453125
0.13607726695777952,0.1435546875
0.13607726695777958,0.1435546875
0.12634135160960977,0.1640625
0.11493262556703457,0.1279296875
0.11493262543427131,0.12451171875
0.1149326256334162,0.1279296875
0.11493262543427135,0.130859375
0.11493262556703457,0.1337890625
0.11493262556703461,0.1337890625
0.11493262550065295,0.12451171875
0.11493262550065297,0.26953125
0.1149326256334162,0.3125
0.39128005023611456,0.302734375
0.7181358934894163,0.29296875
0.6780406563973185,0.291015625
0.05792162584164498,0.29296875
0.05792162584164495,0.294921875
0.05792162577526335,0.306640625
0.05792162590802658,0.1318359375
0.05792162570888171,0.07177734375
0.05792162584164498,0.0703125
0.05792162577526331,0.07177734375
0.05792162584164492,0.068359375
0.05792162577526332,0.068359375
0.05792162577526335,0.06982421875
0.05792162584164498,0.07177734375
0.057921625775263275,0.26953125
0.0709713112787079,0.251953125
0.28497969789516303,0.2470703125
0.2849796980279262,0.2412109375
0.2849796980279262,0.2412109375
0.2849796980279262,0.2412109375
0.2849796979615446,0.2373046875
0.38035525569983925,0.240234375
0.43006688263902004,0.1806640625
0.43006688250625674,0.18359375
0.40813215693585664,0.1865234375
0.04234979096454375,0.1923828125
0.04234979103092538,0.1962890625
0.04234979096454375,0.203125
0.04234979103092538,0.20703125
0.04234979103092538,0.2041015625
0.04234979096454375,0.15625
0.04234979103092538,0.068359375
0.04234979103092538,0.0732421875
0.04234979103092538,0.0751953125
0.04234979103092538,0.07958984375
0.04234979096454375,0.08154296875
0.04234979103092538,0.0830078125
0.04234979103092538,0.08642578125
0.04234979103092538,0.220703125
0.35165080521405,0.326171875
0.7172812693056676,0.30859375
0.6855212645743091,0.30078125
0.17263062988697353,0.302734375
0.17263062988697347,0.296875
0.1726306298205919,0.29296875
0.1726306298205919,0.296875
0.1726306298205919,0.17578125
0.1726306298205919,0.10205078125
0.1726306298869734,0.11865234375
0.09682473137769299,0.11865234375
0.08384348440506909,0.11572265625
0.08384348440506909,0.1064453125
0.08384348440506914,0.0986328125
0.08384348440506911,0.08935546875
0.08384348447145075,0.08447265625
0.08384348440506911,0.22265625
0.08384348440506909,0.2109375
0.08384348440506914,0.21875
0.08384348440506914,0.2099609375
0.08384348440506914,0.205078125
0.6379273894571742,0.2099609375
0.7344361288108395,0.19921875
0.6687491976572743,0.474609375
0.336943752702337,0.1552734375
0.03418747378750846,0.1396484375
0.0341874738538902,0.146484375
0.034187473721126974,0.1455078125
0.03418747378750857,0.150390625
0.034187473787508554,0.15625
0.03418747372112689,0.1435546875
0.034187473721126876,0.333984375
0.0341874738538902,0.0654296875
0.03418747378750862,0.048583984375
0.034187473721126925,0.055419921875
0.034187473853890135,0.052001953125
0.034187473853890135,0.048583984375
0.034187473721126876,0.041748046875
0.034187473721126925,0.034912109375
0.03418747378750862,0.21484375
0.5905810032439208,0.298828125
0.6849520252391735,0.330078125
0.5617763662835906,0.341796875
0.21406350507585323,0.341796875
0.21406350514223485,0.337890625
0.21406350514223485,0.33203125
0.21406350500947152,0.326171875
0.21406350514223485,0.3046875
0.20333392928702612,0.052001953125
0.024297416577932884,0.06884765625
0.024297416577932853,0.0849609375
0.024297416577932916,0.087890625
0.024297416577932884,0.0849609375
0.024297416577932916,0.08935546875
0.024297416577932884,0.08642578125
0.02429741657793282,0.21484375
0.21598629670689837,0.2734375
0.24811691034208883,0.267578125
0.24811691034208883,0.267578125
0.2481169104084704,0.263671875
0.24811691034208883,0.26953125
0.24811691034208883,0.271484375
0.5740622533387051,0.2734375
0.6279905760148503,0.1650390625
0.47594034944184543,0.2138671875
0.0372223810229015,0.2314453125
0.03722238082375666,0.232421875
0.03722238095651982,0.2265625
0.03722238082375666,0.2197265625
0.03722238102290145,0.22265625
0.03722238082375666,0.208984375
0.037222380956519904,0.2109375
0.03722238082375661,0.08984375
0.037222380956519904,0.09130859375
0.03722238089013824,0.09765625
0.037222380890138206,0.10205078125
0.037222380890138206,0.10498046875
0.03722238089013829,0.10205078125
0.037222380956519904,0.10205078125
0.03722238089013824,0.267578125
0.3626737766537922,0.28125
0.7454698772417727,0.275390625
0.7138615639603432,0.27734375
0.172766347261545,0.283203125
0.172766347261545,0.28125
0.17276634739430818,0.279296875
0.17276634719516337,0.267578125
0.17276634732792662,0.2265625
0.172766347261545,0.05908203125
0.17276634732792662,0.0654296875
0.10518843521767655,0.0751953125
0.09367898042902777,0.0771484375
0.09367898042902777,0.07373046875
0.09367898056179103,0.07666015625
0.09367898036264616,0.0751953125
0.09367898042902777,0.1767578125
0.09367898042902777,0.361328125
0.09367898049540939,0.36328125
0.09367898042902777,0.3671875
0.09367898042902777,0.369140625
0.09367898049540939,0.369140625
0.5146805474222931,0.369140625
0.7318470454459981,0.369140625
0.5604438125549682,0.25
0.06983203881690925,0.25390625
0.06983203888329088,0.271484375
0.06983203888329088,0.27734375
0.06983203888329088,0.2734375
0.06983203888329091,0.279296875
0.06983203888329088,0.27734375
0.06983203888329091,0.271484375
0.06983203881690918,0.2265625
0.06983203888329081,0.08203125
0.06983203888329081,0.08056640625
0.06983203888329088,0.08056640625
0.155865837068915,0.07568359375
0.4025975882987184,0.07763671875
0.4025975882987184,0.07080078125
0.40259758823233677,0.07421875
0.5522781657417715,0.3671875
0.7317639688364979,0.6015625
0.7310426614020666,0.58984375
0.7183292990890322,0.6015625
0.7183292991554138,0.59765625
0.7864764814018758,0.58984375
0.8220754070030655,0.6015625
0.8476166950370235,0.578125
0.8781258990659463,0.74609375
0.8783285900615355,0.86328125
0.8785697220614171,0.86328125
0.8780226640150639,0.86328125
0.877376898476878,0.8671875
0.8852132815204508,0.8671875
0.8944839901596475,0.8671875
0.8858206722368286,0.8671875
0.8754890883714965,0.87109375
0.8786254537543094,0.87109375
0.88243399898785,0.87109375
0.8884265682761551,0.875
0.897886138493274,0.875
0.8895266691374454,0.87109375
0.8766019990286226,0.8828125
0.8789591853395168,0.8828125
0.882636836089406,0.87890625
0.8801922640055231,0.8828125
0.8765395701594968,0.88671875
0.8842563593952855,0.890625
0.895897365513811,0.88671875
0.8866747262687602,0.88671875
0.872813884600291,0.88671875
0.8759055755446431,0.8828125
0.8807524301667559,0.86328125
0.8865986283599845,0.84375
0.8955192160551413,0.83984375
0.8646423837239393,0.84375
0.8175523123168996,0.83203125
0.7979185796138856,0.828125
0.7296314065426804,0.8203125
0.7296314065426804,0.82421875
0.7314115159721902,0.431640625
0.7318129492521291,0.44921875
0.7309545055357927,0.470703125
0.729744880694409,0.478515625
0.7260385856738937,0.474609375
0.2724597705224251,0.474609375
0.27245977045604336,0.46875
0.2724597705224251,0.4609375
0.2724597703896618,0.4609375
0.2724597704560435,0.064453125
0.09680298694641522,0.061279296875
0.057692886960109914,0.061279296875
0.057692887026491446,0.052734375
0.05769288702649154,0.0576171875
0.05769288696010985,0.055908203125
0.057692886893728215,0.0576171875
0.057692887159254705,0.1953125
0.05769288696010982,0.2119140625
0.05769288696010985,0.203125
0.05769288696010985,0.205078125
0.05769288696010985,0.2158203125
0.05769288702649146,0.2099609375
0.057692887026491446,0.2041015625
0.5942798153952343,0.1943359375
0.7337217264599052,0.265625
0.49556942573906654,0.349609375
0.1360126988078754,0.326171875
0.13601269900702026,0.3203125
0.13601269887425688,0.318359375
0.13601269880787525,0.318359375
0.13601269894063864,0.3203125
0.13601269894063864,0.32421875
0.13601269880787525,0.20703125
0.13601269887425688,0.185546875
0.1048736442364741,0.2236328125
0.10481358784679193,0.2392578125
0.10481358778041033,0.2412109375
0.1048135877140286,0.2392578125
0.10481358784679189,0.2421875
0.10481358784679186,0.2490234375
0.1048135877140286,0.26953125
0.1048135877140286,0.396484375
0.10481358791317355,0.392578125
0.23593910413043923,0.390625
0.7174921794754946,0.390625
0.7174921794754946,0.392578125
0.2267569198419425,0.396484375
0.11513650871031049,0.40234375
0.11513650871031049,0.25
0.11513650877669211,0.042236328125
0.11513650877669211,0.03173828125
0.11513650871031049,0.0281982421875
0.11513650884307368,0.03173828125
0.11513650871031055,0.028076171875
0.11513650871031049,0.04541015625
0.11577909144849964,0.0208740234375
0.742912767385429,0.392578125
0.7429127673854291,0.6015625
0.729329141575847,0.61328125
0.7198611055103549,0.6328125
0.7219488594075827,0.62890625
0.7304584265231758,0.63671875
0.7304584263904126,0.640625
0.8444528867583175,0.6328125
0.8743680111807652,0.828125
0.8801868318640061,0.87109375
0.8817776703400838,0.87109375
0.8804618658251083,0.87109375
0.8801202056844379,0.875
0.8762958680620603,0.875
0.8753338496200426,0.87890625
0.8902888971291812,0.875
0.8941640875938176,0.875
0.8696656657817805,0.8828125
0.8632144620968901,0.875
0.8851475273299696,0.8828125
0.8906747483172857,0.8828125
0.8694826881387467,0.8828125
0.863812239956716,0.88671875
0.8881571967344432,0.88671875
0.894579815892174,0.88671875
0.8955440473649608,0.87890625
0.8920998697680516,0.8828125
0.8779429659649861,0.88671875
0.8645932066859211,0.88671875
0.8781097148927307,0.88671875
0.8953755701914884,0.890625
0.8841200852779864,0.88671875
0.8812663377583176,0.87109375
0.8775193596275869,0.84765625
0.8766131429110808,0.83984375
0.861536420131779,0.84765625
0.8578402755262525,0.83984375
0.7556620310079872,0.8359375
0.7299431928257986,0.83203125
0.73087888922574,0.8359375
0.7323270930295291,0.44140625
0.7323270929631476,0.4921875
0.7186995845151829,0.5234375
0.7186052530331398,0.52734375
0.7272508965815392,0.53125
0.7330840641272504,0.53515625
0.60982172291119,0.53125
0.11666139484674258,0.53125
0.11666139484674261,0.52734375
0.11666139484674261,0.048828125
0.11666139478036094,0.048828125
0.11666139484674258,0.055419921875
0.11666139478036099,0.055419921875
0.11666139484674254,0.056884765625
0.11666139484674264,0.05859375
0.11666139484674258,0.0517578125
0.03608880264453044,0.2177734375
0.03442450400011273,0.2255859375
0.030651212058627794,0.2255859375
0.03065121219139102,0.2314453125
0.03065121212500936,0.2353515625
0.27012439854266473,0.228515625
0.3267436286929957,0.224609375
0.3267436284938509,0.2158203125
0.3267436286266141,0.314453125
0.3505791529967235,0.390625
0.4366492248264321,0.376953125
0.4366492247600505,0.3671875
0.4366492248264321,0.373046875
0.2027720640879827,0.361328125
0.04237179428417721,0.3671875
0.042371794217795564,0.365234375
0.042371794350558836,0.2119140625
0.042371794151413913,0.11083984375
0.04237179428417721,0.134765625
0.042371794217795564,0.1474609375
0.042371794350558836,0.1455078125
0.042371794217795605,0.1484375
0.042371794217795564,0.150390625
0.04237179428417721,0.150390625
0.042371794217795564,0.2451171875
0.042371794284177235,0.337890625
0.04237179421779553,0.357421875
0.042371794284177235,0.3671875
0.7145274988928803,0.369140625
0.7162761301536126,0.3671875
0.39310563811838356,0.359375
0.17261666903367978,0.359375
0.17261666903367973,0.1943359375
0.17261666910006143,0.06005859375
0.17261666903367978,0.0712890625
0.17261666903367978,0.06982421875
0.17261666903367978,0.06982421875
0.2045006836107343,0.0712890625
0.25447014529630285,0.0810546875
0.2544701453626845,0.06982421875
0.25447014529630285,0.4140625
0.2544701453626845,0.50390625
0.25447014529630285,0.462890625
0.537952981719529,0.443359375
0.720250014501847,0.43359375
0.7227118912144721,0.4296875
0.7315682287941122,0.427734375
0.7315682287277305,0.427734375
0.7734382598731077,0.68359375
0.7828856695731102,0.8671875
0.8491854683921706,0.8671875
0.8938579391688867,0.8671875
0.8781940476418088,0.87109375
0.867495394938572,0.87109375
0.8715721915902057,0.87109375
0.8741754459061989,0.87109375
0.8829019471253641,0.87890625
0.8886456313713533,0.88671875
0.8948616629982163,0.8828125
0.8991979758429168,0.8828125
0.887377629130846,0.8828125
0.8793873718102166,0.8828125
0.8779190626703491,0.88671875
0.8769413859303858,0.88671875
0.8959728267563767,0.890625
0.9087218507412519,0.8828125
0.887258513934612,0.890625
0.8723227702033738,0.890625
0.8725873096935006,0.890625
0.8727800127099484,0.89453125
0.8841628260859574,0.88671875
0.8915750986236535,0.88671875
0.8931974112856108,0.87109375
0.8942894947728175,0.84765625
0.885722183605229,0.8359375
0.8798974360381853,0.83984375
0.810951956279414,0.84375
0.7649810319508422,0.83203125
0.7496255968715763,0.83203125
0.7283023545114033,0.83203125
0.7283654209097001,0.4140625
0.7368401009606887,0.4140625
0.7368401010270703,0.43359375
0.7339608260534322,0.4375
0.7322049905271978,0.435546875
0.7319826863489323,0.431640625
0.7312011244420357,0.435546875
0.7312011244420357,0.43359375
0.7429212297819578,0.412109375
0.7455156615810813,0.375
0.7348696868830102,0.375
0.7198356687336913,0.3828125
0.7204633999762617,0.388671875
0.7480785107267424,0.3828125
0.7480785106603607,0.3828125
0.24516720937163822,0.369140625
0.11678239561316672,0.435546875
0.11678239561316675,0.3984375
0.11678239554678511,0.396484375
0.11678239561316675,0.400390625
0.11678239548040346,0.3984375
0.11678239554678511,0.404296875
0.11678239554678509,0.40625
0.11678239554678511,0.41015625
0.1260472537074347,0.4296875
0.13237750906738835,0.416015625
0.13237750920015162,0.4140625
0.1323775090673883,0.41015625
0.13237750913376997,0.412109375
0.1323775090673883,0.408203125
0.13237750920015162,0.40234375
0.1323775090673883,0.396484375
0.13237750920015162,0.373046875
0.3690451052487984,0.43359375
0.7300653188936086,0.447265625
0.730065318827227,0.44921875
0.0585501863235329,0.44921875
0.051718785970514596,0.453125
0.05171878597051456,0.455078125
0.051718785904132945,0.453125
0.051718786036896225,0.2001953125
0.05171878597051462,0.2138671875
0.05171878603689624,0.23046875
0.051718785904132945,0.23046875
0.05171878597051456,0.2255859375
0.051718785970514596,0.2255859375
0.05171878597051456,0.22265625
0.051718785970514596,0.220703125
0.05171878590413298,0.1826171875
0.1575160910864222,0.1259765625
0.3195773046070832,0.130859375
0.31957730467346485,0.134765625
0.3195773046734649,0.1416015625
0.3195773046070832,0.138671875
0.627654139909288,0.1494140625
0.7000005801024233,0.1474609375
0.7142604282048333,0.54296875
0.73543472021171,0.53515625
0.7356305877068248,0.53125
0.751563256726411,0.54296875
0.7515632567927926,0.546875
0.7365917376116001,0.55078125
0.7327507086603566,0.54296875
0.7752831948804814,0.53515625
0.8396999120240214,0.859375
0.8562837146650377,0.8671875
0.8819291840200089,0.87109375
0.8860544817455259,0.87109375
0.8922017317813062,0.87109375
0.8871197445318542,0.87890625
0.8793331891990336,0.87890625
0.8835199405811553,0.8828125
0.8898413358522371,0.8828125
0.8871975320522493,0.88671875
0.8830080211194014,0.8828125
0.8799502166029687,0.88671875
0.8753250018117721,0.8828125
0.8907376402646596,0.8828125
0.9145257210202459,0.88671875
0.8999093484698925,0.88671875
0.8775848802211133,0.88671875
0.8765349449530698,0.8828125
0.8749305500205862,0.88671875
0.8766441985607856,0.890625
0.8793255495364228,0.89453125
0.8865351093717369,0.8828125
0.8976515318739678,0.87890625
0.8972166931010164,0.87890625
0.8965586177534295,0.875
0.8887572585870003,0.86328125
0.8770607029267741,0.85546875
0.8633675357451117,0.859375
0.8427340904555024,0.84765625
0.820038398609001,0.8515625
0.7337944288155613,0.8515625
0.7337944287491797,0.859375
0.7316368704527195,0.4296875
0.7301714410807092,0.46875
0.7335817929225087,0.48046875
0.7481405331411497,0.484375
0.7481405332739129,0.486328125
0.4395344662473247,0.48828125
0.3590639668672937,0.486328125
0.3590639669336753,0.482421875
0.3590639669336753,0.453125
0.17216468966099283,0.056884765625
0.05571277386252373,0.04833984375
0.05571277392890536,0.044677734375
0.055712773862523685,0.048095703125
0.05571277399528698,0.041015625
0.05571277379614204,0.0341796875
0.0557127739289053,0.033935546875
0.05571277386252372,0.1875
0.05571277392890536,0.1845703125
0.0557127739289053,0.1787109375
0.05571277379614204,0.1884765625
0.055712773928905335,0.1953125
0.05571277392890536,0.203125
0.05571277386252372,0.2001953125
0.3220398486542312,0.1796875
0.7348539967218826,0.37890625
0.7347510733327512,0.38671875
0.1311235467406959,0.365234375
0.1311235469398408,0.353515625
0.13112354680707755,0.35546875
0.1311235468070776,0.3359375
0.13112354680707755,0.3359375
0.13112354693984085,0.35546875
0.13112354674069587,0.12060546875
0.13112354680707752,0.0771484375
0.12341739615678221,0.08984375
0.11230118182734161,0.09765625
0.11230118182734161,0.10546875
0.11230118182734161,0.09765625
0.11230118189372328,0.10205078125
0.11230118176096002,0.09765625
0.11230118182734161,0.240234375
0.11230118182734161,0.2470703125
0.11230118182734161,0.2373046875
0.11230118182734161,0.2373046875
0.6158860802145844,0.234375
0.729116730716519,0.2373046875
0.4593422052488893,0.232421875
0.06722265150215344,0.2314453125
0.0672226516349167,0.1962890625
0.06722265143577184,0.123046875
0.06722265150215348,0.12158203125
0.06722265150215348,0.1201171875
0.06722265156853513,0.123046875
0.06722265156853507,0.11865234375
0.06722265150215334,0.12158203125
0.06722265150215344,0.115234375
0.06722265150215344,0.154296875
0.06722265150215344,0.224609375
0.1011131401185054,0.2119140625
0.23587109561981526,0.2119140625
0.23587109555343364,0.2099609375
0.23587109555343355,0.21484375
0.23587109561981526,0.21484375
0.23587109555343355,0.2138671875
0.33014142803415586,0.275390625
0.7174634335745932,0.302734375
0.7174634335082116,0.296875
0.1772596969369017,0.29296875
0.03910068461510155,0.298828125
0.03910068461510153,0.294921875
0.03910068448233829,0.29296875
0.03910068468148323,0.28125
0.03910068461510153,0.1279296875
0.03910068454871987,0.07568359375
0.03910068468148318,0.08203125
0.03910068454871987,0.0869140625
0.039100684482338256,0.08837890625
0.03910068468148318,0.08544921875
0.03910068461510153,0.08349609375
0.03910068461510153,0.0869140625
0.03910068454871987,0.2353515625
0.03910068454871996,0.291015625
0.43759434874541564,0.2890625
0.5283011045851461,0.2890625
0.5283011045187646,0.287109375
0.3889632016518166,0.287109375
0.3022778228308682,0.287109375
0.30227782289724986,0.29296875
0.30227782289724986,0.1845703125
0.3022778228308682,0.099609375
0.10314693152603399,0.09765625
0.061286198721047735,0.10693359375
0.061286198853810994,0.11474609375
0.061286198721047735,0.10205078125
0.061286198721047735,0.1005859375
0.06128619872104777,0.1005859375
0.0612861987210477,0.12890625
0.06128619892019256,0.1337890625
0.06128619865466607,0.1318359375
0.06128619885381093,0.1318359375
0.061286198721047735,0.1259765625
0.0612861987210477,0.12158203125
0.06128619872104777,0.12451171875
0.32273991814921893,0.11962890625
0.7315834363607924,0.279296875
0.7315834365599372,0.310546875
0.12405976434954438,0.294921875
0.11698518598205555,0.29296875
0.11698518611481878,0.29296875
0.11698518591567389,0.29296875
0.11698518604843718,0.296875
0.11698518598205553,0.294921875
0.11698518598205553,0.1533203125
0.11698518604843715,0.1103515625
0.11698518598205553,0.11181640625
0.12925194590078587,0.11767578125
0.13241116986414855,0.125
0.13241117006329345,0.126953125
0.13241116986414858,0.1298828125
0.13241116999691185,0.119140625
0.13241116993053026,0.26171875
0.13241116999691183,0.291015625
0.13241116993053026,0.28515625
0.13241116999691183,0.28515625
0.4819580164294499,0.283203125
0.7164370866203543,0.2890625
0.5857691930772565,0.287109375
0.04985154992189847,0.287109375
0.04985154985551687,0.251953125
0.049851549855516854,0.0849609375
0.049851549921898435,0.08349609375
0.049851549789135224,0.08935546875
0.04985154985551682,0.0927734375
0.04985154992189847,0.08642578125
0.049851549789135224,0.0908203125
0.04985154998828011,0.08935546875
0.04985154978913519,0.23046875
0.049851549855516854,0.2314453125
0.04985154985551683,0.2216796875
0.0498515499218984,0.2099609375
0.16966624178181922,0.205078125
0.34047944866058816,0.203125
0.3404794487933514,0.2001953125
0.34047944859420654,0.197265625
0.3404794487269698,0.19140625
0.3702874866363831,0.25390625
0.3776903031109363,0.26171875
0.3776903030445547,0.26171875
0.3776903031109363,0.26171875
0.12126403198444624,0.248046875
0.05404164368545461,0.25
0.05404164375183616,0.2490234375
0.05404164361907297,0.134765625
0.05404164368545456,0.06494140625
0.05404164375183619,0.0634765625
0.05404164368545461,0.06982421875
0.05404164355269124,0.06982421875
0.0540416438845995,0.06494140625
0.05404164368545453,0.06494140625
0.054041643552691365,0.06787109375
0.05404164375183616,0.265625
0.05404164361907297,0.30859375
0.05404164368545453,0.314453125
0.31790378588621626,0.31640625
0.7188808851591069,0.322265625
0.7178564961310341,0.318359375
0.11682596791743072,0.33203125
0.1168259681165756,0.33203125
0.11682596798381237,0.1337890625
0.11682596811657564,0.1337890625
0.11682596798381237,0.162109375
0.11682596805019398,0.17578125
0.11682596798381237,0.17578125
0.11682596798381234,0.17578125
0.1168259681165756,0.17578125
0.1291273743337397,0.1728515625
0.13218072079268875,0.1728515625
0.13218072072630713,0.099609375
0.13218072072630713,0.0966796875
0.1321807206599255,0.09375
0.1321807206599255,0.10107421875
0.13218072079268875,0.10400390625
0.13218072079268875,0.10595703125
0.13218072059354385,0.1025390625
0.4796062029148958,0.275390625
0.7164021198977941,0.37109375
0.7168613595620785,0.384765625
0.7187928785851179,0.380859375
0.7187928787178812,0.37890625
0.1758786779140943,0.384765625
0.03729417786674748,0.384765625
0.037294177667602624,0.400390625
0.03729417780036587,0.11083984375
0.03729417780036587,0.039794921875
0.03729417780036587,0.032958984375
0.03729417773398424,0.039794921875
0.03729417780036587,0.043212890625
0.03729417773398424,0.04638671875
0.03729417780036587,0.0498046875
0.03729417780036587,0.04296875
0.03729417773398424,0.263671875
0.03729417780036587,0.259765625
0.03729417786674748,0.248046875
0.037294177667602624,0.2373046875
0.2913816711048234,0.240234375
0.46587813386552546,0.2421875
0.5184827167003061,0.2431640625
0.7323263022915568,0.2470703125
0.7323263023579385,0.2265625
0.17521479510325605,0.16796875
0.03423140541553375,0.173828125
0.03423140548191538,0.177734375
0.03423140541553375,0.17578125
0.03423140548191535,0.1708984375
0.0342314053491521,0.1650390625
0.03423140554829699,0.1533203125
0.034231405415533815,0.1044921875
0.03423140541553373,0.06494140625
0.03423140548191538,0.06982421875
0.03423140541553375,0.076171875
0.03423140548191538,0.07763671875
0.03423140541553373,0.083984375
0.03423140554829696,0.0859375
0.03423140541553373,0.08544921875
0.14904103252738157,0.330078125
0.601543557045152,0.43359375
0.6015435571779153,0.43359375
0.4517119345764794,0.439453125
0.22469717866051647,0.447265625
0.22469717866051647,0.44921875
0.22469717866051647,0.451171875
0.22469717866051647,0.447265625
0.22469717866051647,0.2412109375
0.16083481988304987,0.205078125
0.0673564581478971,0.23046875
0.0673564580151338,0.236328125
0.0673564580815155,0.2197265625
0.0673564580151338,0.228515625
0.06735645808151554,0.2265625
0.06735645821427873,0.2177734375
0.0673564580151339,0.1884765625
0.06735645808151547,0.08935546875
0.06735645808151547,0.095703125
0.06735645801513385,0.1015625
0.0673564581478971,0.1015625
0.1991793273247206,0.10009765625
0.695058857103647,0.1123046875
0.7184445281055222,0.10009765625
0.7333870108334202,0.494140625
0.7270827350527157,0.58984375
0.7039100594004177,0.58203125
0.7039100594004177,0.58984375
0.7157512618928903,0.58984375
0.718378544500129,0.5859375
0.731184895328457,0.58203125
0.748744389234894,0.57421875
0.77461772209685,0.84375
0.8794702856519611,0.8671875
0.8751504157360683,0.8671875
0.8580548934420031,0.87109375
0.8577335821916104,0.87109375
0.8564318778649695,0.87109375
0.8572686605253551,0.87109375
0.8608182278544636,0.875
0.8608108371229638,0.87890625
0.8607799095898042,0.87890625
0.8599031769379211,0.875
0.8562817613855854,0.875
0.8573624070524778,0.875
0.862048669377469,0.87109375
0.8616365357771212,0.87109375
0.8599031983791876,0.87109375
0.864482008428365,0.87109375
0.8837177226552324,0.875
0.8783253082865291,0.88671875
0.8573905755659645,0.87890625
0.8580266175894216,0.88671875
0.8605761369719417,0.88671875
0.8594384923204653,0.88671875
0.8549236041296457,0.875
0.8594280325007004,0.85546875
0.8785269689728444,0.828125
0.8713136069305476,0.81640625
0.8410901116925902,0.81640625
0.8178461284954384,0.8203125
0.7192100111868494,0.82421875
0.7193558198303778,0.828125
0.7134739101127041,0.8046875
0.7100088512448472,0.49609375
0.7189013731852801,0.53515625
0.7310997338711147,0.5546875
0.7308136640304657,0.546875
0.7157504241567241,0.54296875
0.7157504242894873,0.5390625
0.7092466198012666,0.53515625
0.7051594480328277,0.5390625
0.7071424468062361,0.150390625
0.7140749730002364,0.55859375
0.714074973066618,0.56640625
0.7190952233426702,0.5703125
0.7202512453500239,0.5703125
0.7179447577432442,0.578125
0.7147820968046248,0.58203125
0.7148357403305936,0.59765625
0.7185422901901852,0.70703125
0.7185422902565669,0.828125
0.7186270526275518,0.83203125
0.7186794292601189,0.83203125
0.7182902392088066,0.83984375
0.716928658519463,0.82421875
0.716928658519463,0.8125
0.6909268720263778,0.80078125
0.6852686988697743,0.251953125
0.4150951945829619,0.2255859375
0.032854727220251956,0.28125
0.032854727220251956,0.298828125
0.03285472722025192,0.30078125
0.03285472722025192,0.291015625
0.0328547272866336,0.302734375
0.03285472715387029,0.296875
0.03285472722025192,0.31640625
0.03285472722025192,0.125
0.03285472728663355,0.1171875
0.03285472715387029,0.1259765625
0.032854727220251956,0.1337890625
0.03285472722025192,0.1376953125
0.03285472728663355,0.140625
0.03285472715387032,0.1396484375
0.03285472722025192,0.396484375
0.44570613755359817,0.4453125
0.6823587441656,0.431640625
0.5925352781551289,0.43359375
0.2728388216427703,0.419921875
0.2728388216427703,0.41796875
0.2728388217091519,0.416015625
0.2728388216427703,0.421875
0.2676753409193035,0.055419921875
0.12374599398589756,0.04345703125
0.12374599398589753,0.05029296875
0.12374599398589753,0.060302734375
0.12374599398589749,0.0634765625
0.12374599391951592,0.06689453125
0.12374599398589753,0.08154296875
0.12374599398589753,0.0732421875
0.12374599398589749,0.50390625
0.12374599405227925,0.5234375
0.4903531226303897,0.466796875
0.7089123192591117,0.451171875
0.7139231142686004,0.447265625
0.7338129929693445,0.453125
0.733812992902963,0.455078125
0.7505519509864882,0.45703125
0.7545756114669484,0.5859375
0.796975605995031,0.85546875
0.8536478657740199,0.859375
0.864691295899255,0.859375
0.8802705744140149,0.86328125
0.878807766651704,0.86328125
0.8767899005954168,0.86328125
0.8703585128226997,0.8671875
0.8614221020703928,0.8671875
0.8667313015566614,0.875
0.87400661856963,0.875
0.8692625310079105,0.87890625
0.8625558612059413,0.87890625
0.8700155142292308,0.87890625
0.8803135910376572,0.8828125
0.8705906098181153,0.88671875
0.8574693857617457,0.8828125
0.8643628471632798,0.875
0.87385781511888,0.8828125
0.8695374158094911,0.8828125
0.8633901601312721,0.8828125
0.8687100545610377,0.87890625
0.8760484712294994,0.87890625
0.8702924035568816,0.87890625
0.8622434930878391,0.8671875
0.8622152844134667,0.83203125
0.8621766597312049,0.82421875
0.8371417455712787,0.82421875
0.8035538754703196,0.82421875
0.7892908921635416,0.82421875
0.7387493776902282,0.81640625
0.7387493776902282,0.80859375
0.7209104010586334,0.470703125
0.7174980070523793,0.57421875
0.7222242396152652,0.6171875
0.7282365652714219,0.640625
0.7283656438192126,0.63671875
0.7327400220145635,0.6328125
0.7327400218818002,0.62890625
0.7313753306820547,0.625
0.7305755397158415,0.59765625
0.7184148875793982,0.625
0.704946332864409,0.6171875
0.7422831852238794,0.62109375
0.7419285796697038,0.62890625
0.720932175627171,0.64453125
0.7209321754280261,0.64453125
0.7173838821615354,0.6484375
0.7152777778593719,0.703125
0.7168665043375207,0.81640625
0.7224484423745202,0.81640625
0.7224484423745201,0.81640625
0.7260467827430487,0.8125
0.7267477018565144,0.79296875
0.7252465454267578,0.78515625
0.7231827418223608,0.77734375
0.7228826610766692,0.46875
0.715421189462254,0.40234375
0.7154211895286355,0.453125
0.3217913672786051,0.453125
0.09369572048200989,0.443359375
0.09369572054839151,0.427734375
0.09369572041562829,0.42578125
0.09369572048200989,0.43359375
0.09369572048200991,0.447265625
0.09369572048200989,0.16796875
0.09369572048200989,0.1689453125
0.09369572048200991,0.1826171875
0.09369572048200989,0.1826171875
0.07938764094789617,0.1865234375
0.033818951988494286,0.197265625
0.03381895205487593,0.2216796875
0.08832948516935278,0.357421875
0.27149827722547937,0.423828125
0.2714982773582426,0.41796875
0.27149827729186105,0.416015625
0.271498277291861,0.4140625
0.27149827735824256,0.40625
0.4539052462841925,0.3984375
0.49260878554072196,0.3984375
0.49260878547434034,0.21875
0.2762469307148307,0.080078125
0.1404126695775745,0.07666015625
0.14041266957757453,0.07958984375
0.14041266957757453,0.08154296875
0.14041266951119288,0.0830078125
0.1404126695775746,0.095703125
0.1404126696439561,0.078125
0.14041266951119288,0.546875
0.26817222142371666,0.5234375
0.721573623438638,0.5
0.7215736233722564,0.5078125
0.7175387380237498,0.51171875
0.7167278206998285,0.5078125
0.7329151269290844,0.50390625
0.7542818458712115,0.50390625
0.7769402676189857,0.80859375
0.8563904583833366,0.859375
0.8614876154283214,0.86328125
0.8801407355310381,0.86328125
0.8757030446615445,0.86328125
0.8599510050348433,0.86328125
0.859948584163192,0.86328125
0.8599400044039419,0.87109375
0.8598244874239427,0.87109375
0.8594157100124079,0.875
0.8637252616341702,0.87109375
0.8790518230942796,0.875
0.874528584094451,0.87109375
0.8587136442226717,0.87109375
0.8588404553731387,0.87109375
0.8592899161604153,0.875
0.8597936570734889,0.875
0.8615908378666943,0.8671875
0.8655028188227833,0.87109375
0.879159199230364,0.875
0.8731501730731088,0.87890625
0.8535861481176741,0.875
0.8549753096439371,0.87109375
0.8651787196103274,0.87109375
0.8794491731737974,0.8515625
0.8703280199564511,0.82421875
0.8577664347256481,0.82421875
0.831011211624712,0.82421875
0.7934980687748152,0.81640625
0.7768737220267159,0.82421875
0.7194997855207224,0.8203125
0.7138244562310821,0.8359375
0.7104784554048763,0.515625
0.713493622336772,0.59375
0.7249321309621587,0.61328125
0.7249321310949219,0.6171875
0.7197463237069038,0.6171875
0.7186941918707354,0.60546875
0.716282886409496,0.6015625
0.7131585594016007,0.59375
0.6983982792448284,0.5703125
0.07794621895691817,0.04833984375
0.07794621895691817,0.041259765625
0.07794621882415484,0.04833984375
0.0779462189569182,0.048095703125
0.07794621889053656,0.048095703125
0.07794621889053656,0.048095703125
0.07794621895691813,0.0478515625
0.07794621902329979,0.234375
0.07794621882415491,0.244140625
0.0779462188905365,0.236328125
0.07794621889053656,0.2412109375
0.11880823450146405,0.2412109375
0.1436481196326396,0.2470703125
0.14364811963263954,0.23828125
0.14364811969902117,0.234375
0.14364811969902117,0.40625
0.14364811956625798,0.40625
0.2667986819510293,0.404296875
0.7030805326504421,0.40234375
0.7030805327168237,0.40625
0.1804658000054091,0.388671875
0.0674154013840318,0.390625
0.06741540145041343,0.38671875
0.06741540151679506,0.2431640625
0.06741540138403186,0.326171875
0.0674154013840318,0.326171875
0.06741540151679509,0.3203125
0.06741540145041346,0.322265625
0.06741540145041343,0.328125
0.06741540145041343,0.3203125
0.06741540145041343,0.3203125
0.06741540145041343,0.3984375
0.1707812074814356,0.455078125
0.23122654040805823,0.447265625
0.2312265403416766,0.44921875
0.23122654040805823,0.44921875
0.2312265403416766,0.44921875
0.2312265403416766,0.44140625
0.3426701363688631,0.439453125
0.493667302957754,0.1708984375
0.493667302957754,0.2431640625
0.4782648655026571,0.24609375
0.42361918257654213,0.248046875
0.4236191825101605,0.23828125
0.4236191825101605,0.232421875
0.5567218814743532,0.2353515625
0.7309033398369136,0.224609375
0.7290373038353982,0.56640625
0.6797510129397404,0.55078125
0.720932070943341,0.53515625
0.720932070943341,0.53125
0.8429376795945406,0.53515625
0.8669912307762278,0.53515625
0.8484579212173158,0.53515625
0.8441932324250794,0.53515625
0.8617920071961872,0.86328125
0.8657166891486211,0.87109375
0.8602645670929361,0.87109375
0.8591483768513974,0.87109375
0.8863449556090122,0.87109375
0.8919691239792507,0.8671875
0.8533806599329752,0.87109375
0.8449955314884054,0.87109375
0.868435196312109,0.8671875
0.8733065434322036,0.875
0.8497583022925517,0.875
0.8445501534368786,0.87109375
0.8721933386380766,0.86328125
0.8780825089792557,0.86328125
0.8599096957467155,0.859375
0.8560626856778778,0.859375
0.8601200742660704,0.86328125
0.8608071149722263,0.8671875
0.8466870369092594,0.87890625
0.8443362688389906,0.87890625
0.883625605000538,0.890625
0.8898994741447308,0.8828125
0.8536541784678541,0.8828125
0.8473027567942355,0.8828125
0.8550880530666867,0.859375
0.8563315776123155,0.83984375
0.8958104596136232,0.83984375
0.8547313136750262,0.83984375
0.8473334465483976,0.83203125
0.7146684960631287,0.83203125
0.7146684958639836,0.828125
0.7164732936172827,0.82421875
0.7174665661236963,0.515625
0.7175239052477507,0.55859375
0.7177000206898198,0.578125
0.717700020623438,0.5859375
0.7299954340398412,0.58984375
0.732218040956441,0.58203125
0.7189383778238705,0.5703125
0.7025232789168285,0.578125
0.6748382531753205,0.58203125
0.12001433215495637,0.0556640625
0.12001433222133799,0.0556640625
0.12001433208857473,0.060546875
0.12001433215495637,0.06396484375
0.12001433202219311,0.060546875
0.12001433222133799,0.0654296875
0.12001433215495637,0.0634765625
0.12001433222133799,0.2255859375
0.04613572230022132,0.2158203125
0.034231078220481215,0.2080078125
0.03423107828686283,0.2080078125
0.03423107815409962,0.2099609375
0.03423107822048126,0.216796875
0.03423107822048126,0.220703125
0.277310020764039,0.2099609375
0.31594000598860417,0.41015625
0.3159400060549858,0.45703125
0.3159400059222225,0.455078125
0.31961447599632714,0.4453125
0.37914778182240105,0.439453125
0.37914778182240105,0.44140625
0.3791477818224011,0.4375
0.3588419284810732,0.44921875
0.051490218220820665,0.349609375
0.05149021828720228,0.158203125
0.051490218220820665,0.2060546875
0.0514902182208207,0.2158203125
0.05149021828720228,0.2314453125
0.051490218220820665,0.22265625
0.051490218220820665,0.2275390625
0.051490218220820665,0.212890625
0.05149021835358391,0.3984375
0.051490218154439035,0.3671875
0.0514902182208207,0.3515625
0.05149021828720228,0.3515625
0.05149021822082064,0.349609375
0.051490218220820665,0.3515625
0.5004189725345511,0.349609375
0.7331906327971918,0.345703125
0.5800225941466728,0.1904296875
0.14789867059815748,0.06005859375
0.1478986704653942,0.0517578125
0.14789867053177586,0.051513671875
0.1478986704653942,0.051513671875
0.14789867053177586,0.041259765625
0.14789867053177586,0.0341796875
0.1754040762794591,0.0198974609375
0.6286032182483312,0.38671875
0.6286032182483312,0.51171875
0.6514767347311019,0.50390625
0.7169469311915104,0.51171875
0.7169469311251288,0.51171875
0.7297402891434681,0.51171875
0.7318583631155627,0.51953125
0.7740009081098542,0.5234375
0.8240341116931829,0.83984375
0.833657315017114,0.85546875
0.8609383624070024,0.86328125
0.8653607706321927,0.86328125
0.8777455681741632,0.86328125
0.8778542100751617,0.86328125
0.8781581130750884,0.8671875
0.8733134270744345,0.87109375
0.859836347165895,0.87109375
0.8594671912231727,0.87109375
0.8584404396065194,0.87109375
0.8678254414803729,0.87109375
0.8943255911779509,0.8671875
0.8858200238874521,0.8671875
0.8615125886620654,0.8671875
0.8657474916187904,0.8671875
0.8776277426402299,0.8671875
0.8727485058643072,0.875
0.8590589286675576,0.8828125
0.8681936141783968,0.88671875
0.8940375036676688,0.890625
0.8859115875874469,0.88671875
0.8625716999955376,0.8828125
0.866041312112135,0.8828125
0.875711428594987,0.85546875
0.8721344773168728,0.84765625
0.8619559884082654,0.83984375
0.8471400542914889,0.8359375
0.8059519142309666,0.84375
0.8003217453596978,0.84375
0.7173372295505112,0.84375
0.7173372296168927,0.828125
0.7268300851098928,0.515625
0.7316391859103432,0.54296875
0.7277758379948173,0.5703125
0.7169128050595265,0.56640625
0.7169128050595265,0.56640625
0.7290503913719724,0.55859375
0.7310052852918769,0.5625
0.6842954173902731,0.55078125
0.629021210027495,0.494140625
0.6290212100938768,0.041259765625
0.12135340489151814,0.041259765625
0.039469599194218434,0.048095703125
0.03946959919421847,0.051513671875
0.039469599127836805,0.0478515625
0.039469599194218434,0.0478515625
0.039469599127836805,0.05126953125
0.03946959919421847,0.205078125
0.03946959919421848,0.19921875
0.039469599194218434,0.1943359375
0.03946959912783687,0.1953125
0.039469599194218434,0.2001953125
0.039469599061455196,0.1982421875
0.03946959932698176,0.19140625
0.03946959912783679,0.1748046875
0.03946959912783687,0.376953125
0.08241792264495382,0.4453125
0.7305969690335232,0.44140625
0.7305969690335232,0.4375
0.35927817812918106,0.435546875
0.165998668692653,0.423828125
0.16599866862627138,0.419921875
0.165998668692653,0.421875
0.1659986684935081,0.08740234375
0.165998668692653,0.09033203125
0.16599866862627138,0.115234375
0.14697590673368519,0.1240234375
0.09352638114393168,0.126953125
0.0935263812103133,0.12255859375
0.09352638114393173,0.12890625
0.09352638127669494,0.12255859375
0.0935263812103133,0.27734375
0.09352638121031334,0.2197265625
0.0935263812103133,0.2001953125
0.0935263812103133,0.1904296875
0.09352638121031337,0.197265625
0.0935263812103133,0.1982421875
0.2545772555739609,0.193359375
0.7172660447452904,0.1982421875
0.7172660448116721,0.19140625
0.1616427990232797,0.18359375
0.06983657420899152,0.18359375
0.06983657427537311,0.1806640625
0.0698365744081364,0.1767578125
0.06983657420899152,0.169921875
0.06983657420899152,0.1640625
0.0698365744081364,0.1611328125
0.06983657427537314,0.205078125
0.06983657434175478,0.119140625
0.06983657420899152,0.12353515625
0.06983657427537314,0.1083984375
0.06983657434175478,0.11279296875
0.2001155619469153,0.11865234375
0.22164473924015488,0.125
0.22164473924015493,0.11865234375
0.22164473924015488,0.333984375
0.22164473937291812,0.546875
0.22164473924015488,0.5625
0.4076847389768508,0.57421875
0.6281730370760421,0.5703125
0.6281730370760421,0.5703125
0.5966327411339931,0.578125
0.591397262164816,0.57421875
0.5998481493138177,0.1572265625
0.7245277111063205,0.85546875
0.7245277111727021,0.87109375
0.7302197434079933,0.87109375
0.7311371542578512,0.8671875
0.7587043186193456,0.8671875
0.7912859999419216,0.87109375
0.8136277168597291,0.8671875
0.8768423491856702,0.84765625
0.8772585043842868,0.79296875
0.8784461803389734,0.78515625
0.8737778463645166,0.78125
0.8605701492825661,0.7734375
0.8644282829874652,0.76953125
0.8752545665879132,0.75
0.8714382652583835,0.734375
0.8604493117485693,0.71875
0.8644826195376475,0.70703125
0.8760160823711447,0.70703125
0.8542778844611663,0.72265625
0.7910071938447147,0.72265625
0.7876289144864229,0.73828125
0.7325957437331249,0.72265625
0.7325957437995064,0.6953125
0.7223477746331644,0.408203125
0.7170507022740522,0.478515625
0.7209717712071478,0.482421875
0.7322136338136673,0.470703125
0.7322136339464306,0.466796875
0.13272227772701178,0.462890625
0.0342227124756053,0.455078125
0.03422271254198691,0.458984375
0.03422271254198688,0.435546875
0.03422271254198688,0.053466796875
0.03422271254198688,0.0498046875
0.0342227124756053,0.04638671875
0.03422271254198691,0.039306640625
0.03422271254198691,0.035888671875
0.034222712475605266,0.03564453125
0.03422271260836854,0.0390625
0.03422271260836851,0.130859375
0.034222712409223636,0.2421875
0.0342227124756053,0.26953125
0.03422271260836851,0.275390625
0.18326848730660844,0.27734375
0.6029488727401338,0.279296875
0.6029488726073706,0.275390625
0.4275133028249777,0.265625
0.22405556164227539,0.4453125
0.22405556164227539,0.1337890625
0.224055561708657,0.1533203125
0.22405556164227539,0.1787109375
0.22405556157589376,0.1796875
0.15628277391122064,0.1787109375
0.07635674083957658,0.1748046875
0.0763567410387215,0.1728515625
0.07635674097233988,0.189453125
0.07635674090595825,0.0869140625
0.07635674097233988,0.1025390625
0.07635674097233981,0.1103515625
0.07635674090595822,0.11328125
0.07635674097233981,0.10986328125
0.07635674090595822,0.10546875
0.07635674097233981,0.1083984375
0.07635674097233984,0.2490234375
0.11427710378797659,0.294921875
0.7160988098849652,0.28515625
0.7160988099513469,0.27734375
0.3035357022711445,0.2734375
0.08697354127609053,0.279296875
0.08697354120970893,0.275390625
0.08697354120970893,0.265625
0.08697354120970893,0.171875
0.08697354120970896,0.10791015625
0.08697354127609053,0.109375
0.08697354127609055,0.11572265625
0.0869735411433273,0.115234375
0.08697354120970889,0.109375
0.08697354127609055,0.107421875
0.1569226972685629,0.1044921875
0.1688468679693343,0.2314453125
0.16884686796933424,0.2734375
0.16884686783657105,0.2578125
0.16884686796933424,0.25390625
0.16884686796933424,0.2578125
0.16884686783657105,0.263671875
0.3193901633090935,0.265625
0.7455392769122091,0.265625
0.7455392768458273,0.3046875
0.13468552690349486,0.177734375
0.032692903809427014,0.173828125
0.032692903809427014,0.1845703125
0.032692903875808706,0.1904296875
0.03269290380942706,0.1943359375
0.03269290380942706,0.1943359375
0.032692903875808706,0.1826171875
0.032692903809427014,0.1728515625
0.032692903809427014,0.09814453125
0.03269290380942706,0.10107421875
0.032692903875808706,0.09814453125
0.03269290387580874,0.099609375
0.03269290380942706,0.10107421875
0.032692903809427014,0.10107421875
0.03269290387580869,0.10400390625
0.06803728573266328,0.2109375
0.6562713602870104,0.318359375
0.6562713603533918,0.306640625
0.4534118237316309,0.294921875
0.21439582233405918,0.294921875
0.21439582226767756,0.291015625
0.21439582226767756,0.287109375
0.21439582226767756,0.27734375
0.21439582226767756,0.1533203125
0.16786290243292348,0.055908203125
0.03607040756475802,0.04736328125
0.03607040763113972,0.05078125
0.03607040756475802,0.04736328125
0.03607040763113966,0.04736328125
0.036070407631139695,0.0439453125
0.04499198208922106,0.0439453125
0.18810858162355804,0.15625
0.1881085816235581,0.283203125
0.18810858155717647,0.27734375
0.1881085816235581,0.275390625
0.1881085816235581,0.271484375
0.1881085816235581,0.2734375
0.33115029690445447,0.26953125
0.731850644923484,0.271484375
0.7318506448571024,0.1962890625
0.13159855476366747,0.13671875
0.03573490080201074,0.13671875
0.03573490086839231,0.138671875
0.03573490080201074,0.1376953125
0.03573490093477397,0.1328125
0.03573490086839237,0.1240234375
0.03573490086839237,0.1240234375
0.03573490093477394,0.134765625
0.03573490086839234,0.0576171875
0.03573490086839234,0.05908203125
0.03573490086839237,0.05908203125
0.03573490086839237,0.05908203125
0.035734900802010694,0.0625
0.035734900934774015,0.062255859375
0.03573490093477394,0.053955078125
0.28728285161735717,0.31640625
0.5808250111037732,0.365234375
0.5808250110373915,0.345703125
0.41135601244357994,0.345703125
0.21421006190672923,0.35546875
0.21421006190672923,0.35546875
0.2142100618403476,0.349609375
0.21421006197311085,0.345703125
0.2142100618403476,0.201171875
0.177504881734418,0.2314453125
0.07317542433967025,0.2421875
0.07317542440605189,0.2373046875
0.07317542433967025,0.23828125
0.07317542433967025,0.2275390625
0.07317542433967025,0.23046875
0.07317542433967025,0.23046875
0.07317542433967025,0.279296875
0.07317542427328863,0.37109375
0.07317542447243351,0.365234375
0.07317542427328863,0.36328125
0.07317542433967025,0.359375
0.1151235553310098,0.36328125
0.7452204821230145,0.361328125
0.7452204820566328,0.357421875
0.3448202206912601,0.2216796875
0.13612715560686753,0.056396484375
0.13612715560686753,0.0546875
0.13612715560686753,0.0595703125
0.1361271555404859,0.06298828125
0.13612715560686753,0.057861328125
0.13612715560686753,0.06640625
0.13612715560686753,0.05126953125
0.29155626700500836,0.3984375
0.7308203211121945,0.54296875
0.7308203211121945,0.546875
0.7446054886522118,0.5546875
0.7468954678115152,0.5546875
0.7340115140701042,0.546875
0.7187241218207646,0.55078125
0.7274322531187952,0.55859375
0.8598711524483318,0.84765625
0.8608449194430723,0.859375
0.8756272468641165,0.86328125
0.876905246377193,0.86328125
0.8978105794041861,0.86328125
0.8961607781757746,0.86328125
0.8713707388775358,0.8671875
0.8711277730851353,0.87109375
0.8664407018336054,0.875
0.8671363032474835,0.875
0.8774462439799047,0.875
0.8785835741816015,0.87109375
0.8955559190556064,0.87109375
0.8944082544954249,0.8671875
0.8773390908860959,0.87109375
0.8773861752432394,0.87109375
0.8780939489237821,0.87109375
0.8791941157684122,0.875
0.8954690205901611,0.8828125
0.8943290632027078,0.8828125
0.8774713765295594,0.890625
0.8772953870798235,0.890625
0.8746774133676546,0.890625
0.8715069311462859,0.88671875
0.8905674898758306,0.84765625
0.8774516174400612,0.8359375
0.882263529502527,0.83203125
0.8931577817182396,0.828125
0.7800199799982683,0.84375
0.7714463506271704,0.8515625
0.7457575839206455,0.84765625
0.7293677264955126,0.8359375
0.7305730525953237,0.5390625
0.7353231944271931,0.58203125
0.735323194626338,0.59765625
0.731459847972063,0.59765625
0.7305640681072777,0.60546875
0.7253335229527239,0.6015625
0.7177191041470915,0.6015625
0.7119858592089434,0.609375
0.047788103649813916,0.5390625
0.04778810364981387,0.021728515625
0.04778810364981387,0.014404296875
0.047788103649813916,0.00701904296875
0.04778810364981387,0.006988525390625
0.04778810364981387,0.00323486328125
0.04778810358343227,-0.000545501708984375
0.04778810371619553,-0.00433349609375
0.04778810358343229,0.126953125
0.04778810364981387,0.1826171875
0.04778810364981387,0.1982421875
0.047788103649813916,0.2119140625
0.04778810364981384,0.2177734375
0.0509933775453855,0.220703125
0.3699581298660959,0.2177734375
0.3699581300652408,0.2041015625
0.3699581299324775,0.427734375
0.36995812993247745,0.421875
0.3747616291191104,0.404296875
0.377713373050595,0.400390625
0.3777133730505948,0.40625
0.3777133730505948,0.396484375
0.17988673154237209,0.400390625
0.053847018190630425,0.3984375
0.053847018190630425,0.216796875
0.05384701799148553,0.16796875
0.05384701825701207,0.19921875
0.05384701812424884,0.1953125
0.05384701812424884,0.1923828125
0.05384701812424881,0.185546875
0.053847018257012054,0.17578125
0.05384701805786721,0.1748046875
0.05384701812424884,0.341796875
0.05384701819063045,0.3984375
0.05384701812424881,0.39453125
0.053847018124248774,0.390625
0.19041425585622998,0.390625
0.7535690343560317,0.3828125
0.7535690344224134,0.376953125
0.23506054804157125,0.376953125
0.11664440466777992,0.1337890625
0.1166444048669248,0.029541015625
0.1166444048669248,0.033203125
0.11664440466777985,0.03662109375
0.11664440480054318,0.032958984375
0.11664440480054318,0.022216796875
0.11664440473416159,0.0185546875
0.11664440473416154,-0.0036163330078125
0.4628925519647112,0.42578125
0.6887421826949206,0.55859375
0.6897881761554141,0.54296875
0.7313787102372014,0.546875
0.7313787102372014,0.54296875
0.7351080888056093,0.546875
0.7379553941208843,0.55078125
0.7695890104863753,0.55078125
0.7695890104863753,0.84765625
0.8760819812071972,0.859375
0.9015719140891051,0.8671875
0.890141293061716,0.86328125
0.8876196580129259,0.8671875
0.8819860230248654,0.8671875
0.8806051481829573,0.87109375
0.892259300253891,0.875
0.8950057050274349,0.875
0.8805516483068351,0.875
0.8771249761430977,0.87109375
0.8778886288837509,0.875
0.8780709233934338,0.875
0.8907206986106684,0.87890625
0.893723007951955,0.87890625
0.8924209800812513,0.88671875
0.8921048501825789,0.88671875
0.8871364476766503,0.890625
0.8858769688373895,0.89453125
0.8803162393991534,0.89453125
0.879051838627581,0.89453125
0.889728436963711,0.89453125
0.892109117791167,0.89453125
0.8902213546175977,0.88671875
0.8897808874790317,0.8515625
0.8819727865942959,0.8515625
0.8800105008144039,0.8515625
0.8627556499966824,0.8515625
0.8585512539791113,0.84375
0.7703885030007814,0.84375
0.7485380890037193,0.83984375
0.7417350685232964,0.8203125
0.7317782919343446,0.57421875
0.731779893192015,0.43359375
0.732103805672947,0.435546875
0.7321038056065654,0.43359375
0.37497631812958654,0.4453125
0.1416951753411978,0.443359375
0.14169517534119774,0.458984375
0.1416951752748162,0.46484375
0.14169517527481618,0.044189453125
0.14169517540757948,0.033447265625
0.14169517540757945,0.0439453125
0.14169517520843455,0.05078125
0.12742954420397645,0.05419921875
0.10735817905712712,0.05078125
0.10735817899074546,0.050537109375
0.10735817899074546,0.040283203125
0.10735817899074548,0.2041015625
0.10735817899074548,0.2421875
0.10735817899074548,0.251953125
0.10735817905712712,0.2490234375
0.10735817899074548,0.25390625
0.10735817899074546,0.25390625
0.23505039609980483,0.255859375
0.7329256751691797,0.2451171875
0.732925675301943,0.388671875
0.19144261908608787,0.189453125
0.061525225095637175,0.1943359375
0.061525225029255476,0.2119140625
0.06152522509563714,0.2265625
0.061525225095637175,0.2197265625
0.06152522502925551,0.2197265625
0.06152522516201883,0.2109375
0.06152522502925551,0.138671875
0.061525225162018804,0.2734375
0.061525224962873944,0.2578125
0.06152522502925541,0.25390625
0.061525225162018804,0.251953125
0.16475101142590728,0.251953125
0.23027371947273595,0.25
0.23027371947273595,0.251953125
0.23027371947273595,0.2431640625
0.23027371953911752,0.4453125
0.230273719472736,0.439453125
0.5515281483852821,0.44140625
0.7543953923125348,0.439453125
0.49338654729846626,0.439453125
0.10849729784545326,0.4453125
0.10849729797821651,0.44140625
0.10849729791183489,0.265625
0.10849729797821651,0.07177734375
0.10849729791183489,0.0654296875
0.10849729791183489,0.0634765625
0.10849729791183489,0.068359375
0.10849729791183489,0.06982421875
0.10849729791183489,0.07177734375
0.6117049017694162,0.06640625
0.732281801706584,0.423828125
0.7313922048259287,0.625
0.7300970632527211,0.6328125
0.7301377887144161,0.6484375
0.7629918497286325,0.64453125
0.7629918498613958,0.64453125
0.8415290118927883,0.64453125
0.8928880128160925,0.65625
0.8674307580836811,0.8671875
0.8678558027118499,0.87109375
0.8934034637141618,0.87109375
0.8933677424979992,0.87109375
0.8904662572268062,0.875
0.8904527360854272,0.875
0.8834272126801396,0.875
0.8835059481302058,0.875
0.8891005671162979,0.875
0.8890922733291085,0.875
0.878959662623434,0.875
0.8790795815020583,0.87890625
0.9126684371046909,0.875
0.9125999598069987,0.8828125
0.8833392071018752,0.8828125
0.8834184781189295,0.8828125
0.8889567631316032,0.88671875
0.8889666940225429,0.88671875
0.9021335904324118,0.89453125
0.9018076634681651,0.89453125
0.8793135401038956,0.8984375
0.8796581731458496,0.90234375
0.8987235895502883,0.89453125
0.8987235895502883,0.890625
0.8866309185088557,0.859375
0.886566042680098,0.84375
0.8990585643306556,0.84375
0.8976074605126122,0.84765625
0.7930659406957103,0.83984375
0.7930659408284736,0.828125
0.7434190143377849,0.8203125
0.7325921028998836,0.80078125
0.7447309373861117,0.6015625
0.7613324348470896,0.484375
0.7607910120036585,0.486328125
0.7355418884405304,0.48046875
0.7355418883077671,0.48828125
0.3002511520479882,0.48046875
0.04571790995060227,0.482421875
0.04571791001698394,0.4921875
0.04571791001698388,0.0771484375
0.04571790988422062,0.046630859375
0.04571791014974719,0.04296875
0.045717909884220594,0.04638671875
0.045717910016983915,0.04638671875
0.045717910016983915,0.042724609375
0.0457179099506023,0.042724609375
0.045717910083365544,0.03564453125
0.04571790995060227,0.2138671875
0.04571791001698388,0.263671875
0.04571790995060227,0.259765625
0.18405377468332382,0.26171875
0.38310304897793046,0.265625
0.3831030488451672,0.263671875
0.38310304891154884,0.25390625
0.3822727597685567,0.244140625
0.37931281498416436,0.41015625
0.3793128149841643,0.2158203125
0.3793128150505459,0.2216796875
0.3044963205254481,0.2294921875
0.045789094623059585,0.2294921875
0.045789094689441236,0.2255859375
0.045789094623059585,0.224609375
0.04578909462305962,0.2265625
0.045789094689441236,0.205078125
0.04578909468944126,0.1396484375
0.04578909462305962,0.1513671875
0.0457890946894412,0.15234375
0.045789094556677956,0.1513671875
0.04578909462305965,0.15234375
0.0457890946894412,0.1484375
0.04578909462305962,0.140625
0.04578909455667802,0.3125
0.05356593088872074,0.39453125
0.7469181520739056,0.3828125
0.7469181519411422,0.3671875
0.3772250323436907,0.37109375
0.14181069411350097,0.37890625
0.14181069404711935,0.373046875
0.14181069404711935,0.376953125
0.14181069411350097,0.07763671875
0.14181069404711935,0.05224609375
0.14181069411350097,0.060791015625
0.14181069404711938,0.05908203125
0.17233723821895633,0.062255859375
0.21351796922664934,0.0556640625
0.21351796909388607,0.05712890625
0.21351796916026777,0.052001953125
0.21351796916026763,0.53515625
0.213517969093886,0.50390625
0.32436698393500374,0.490234375
0.7430970918453467,0.484375
0.7430970918453467,0.484375
0.73510247570777,0.482421875
0.7335927614247013,0.482421875
0.7595925746574638,0.48046875
0.7919556160677305,0.828125
0.8223834400688436,0.86328125
0.9136752521273684,0.86328125
0.9050489154768062,0.8671875
0.8792770220426506,0.8671875
0.8835019004439566,0.87109375
0.8958989002570884,0.87109375
0.900075857228901,0.87109375
0.912274425158183,0.8828125
0.9075950932080902,0.88671875
0.8937833890805695,0.8828125
0.8891128030429455,0.88671875
0.87507367737733,0.88671875
0.8810614748885697,0.890625
0.8995850534980103,0.88671875
0.8983234876866951,0.890625
0.8945921409029683,0.8984375
0.8950638621723115,0.90234375
0.8964722512703641,0.90234375
0.895966558206326,0.90625
0.8944732006223284,0.91015625
0.8945114394945586,0.90625
0.8946255756702796,0.90625
0.8975457287833611,0.890625
0.9063412939810617,0.87109375
0.8882965599872595,0.8515625
0.9040495875053732,0.859375
0.8688825265146003,0.859375
0.8625659127123019,0.84765625
0.7629876285208036,0.84765625
0.745899432103386,0.83984375
0.7507919862954664,0.82421875
0.7567609608973307,0.57421875
0.7534883993956332,0.48046875
0.7435556690873486,0.47265625
0.7436925776802641,0.46484375
0.7461336172657254,0.48046875
0.7461336171329621,0.470703125
0.7383953671809808,0.470703125
0.7342414885792936,0.47265625
0.7402995168589729,0.054443359375
0.7578198205116634,0.427734375
0.7572198766192623,0.4375
0.747308233431359,0.435546875
0.7473082335641222,0.427734375
0.7368328575300254,0.431640625
0.7313897228831779,0.421875
0.735635118784101,0.419921875
0.74797815026595,0.453125
0.7479781501995684,0.5546875
0.14623942625102104,0.546875
0.04733978177215721,0.546875
0.04733978183853878,0.5390625
0.047339781772157224,0.53125
0.047339781838538805,0.53515625
0.038854343117688796,0.53515625
0.028750438284792904,0.5078125
0.02875043828479295,0.361328125
0.028750438284792904,0.36328125
0.02916045875872425,0.359375
0.036260613636207036,0.361328125
0.036260613569825406,0.34375
0.036260613768970294,0.33984375
0.036260613569825344,0.345703125
0.036260613636207036,0.34765625
0.27688101507764784,0.4609375
0.5687778283395808,0.470703125
0.5687778283395808,0.484375
0.6542477658943746,0.490234375
0.7189532844162418,0.48828125
0.06179237411400695,0.486328125
0.06179237404762532,0.5078125
0.06179237411400695,0.3515625
0.06179237411400695,0.201171875
0.06179237411400695,0.1982421875
0.06919008544295079,0.205078125
0.07799346316102594,0.1923828125
0.07799346316102589,0.17578125
0.07799346316102589,0.1767578125
0.07799346302826263,0.17578125
0.07799346309464425,0.1083984375
0.07799346316102589,0.042724609375
0.07799346302826266,0.0498046875
0.07799346322740754,0.042724609375
0.07799346309464425,0.042724609375
0.07799346309464432,0.042724609375
0.11634544948900068,0.046142578125
0.7321873839948038,0.03564453125
0.7321873839284223,0.578125
0.7413884250473072,0.6015625
0.746153043119443,0.61328125
0.7427185488763764,0.62109375
0.7327624400202372,0.6171875
0.7327624399538556,0.625
0.8523041283339615,0.6171875
0.872026369787993,0.62890625
0.892708591037814,0.87109375
0.8964547743149113,0.875
0.8845161123052437,0.875
0.8823873865377115,0.87890625
0.9077979323010951,0.87890625
0.9119862958274744,0.8828125
0.8681640566956914,0.87890625
0.8815132157520612,0.88671875
0.8850412213321366,0.8828125
0.8952724910046723,0.88671875
0.8942887354997376,0.8828125
0.8944766403192317,0.88671875
0.8978479395164032,0.88671875
0.8975267494124846,0.88671875
0.8922772797846619,0.8828125
0.8916645450815709,0.88671875
0.8802965832675627,0.890625
0.8800830665566661,0.8984375
0.8765275629175636,0.90625
0.8786036988347343,0.91015625
0.9147367109807917,0.91015625
0.9125270352720284,0.90234375
0.876143270967558,0.90234375
0.8773011075831397,0.890625
0.8975292691263826,0.87109375
0.8931480368286261,0.85546875
0.897089704446072,0.85546875
0.9090484418537031,0.859375
0.7978719616540719,0.85546875
0.7975212268791024,0.84765625
0.7422630510117919,0.8515625
0.7297368055683077,0.83984375
0.7331921664783632,0.5703125
0.7382018554371389,0.48828125
0.7384618526314941,0.494140625
0.7482241665597592,0.484375
0.7482241664933775,0.48828125
0.17780700803002716,0.482421875
0.03585975781006427,0.484375
0.035859757810064306,0.498046875
0.03585975774368263,0.047119140625
0.0358597578764459,0.0111083984375
0.035859757810064306,0.01470947265625
0.03585975781006427,0.01458740234375
0.03585975781006427,0.0145263671875
0.035859757810064306,0.01806640625
0.03585975781006427,0.0252685546875
0.035859757810064306,0.0179443359375
0.035859757743682656,0.2060546875
0.035859757876445936,0.27734375
0.035859757743682656,0.294921875
0.035859757876445936,0.30078125
0.2319329901069979,0.3046875
0.5073107054912126,0.302734375
0.5505599298326739,0.294921875
0.7371828550706157,0.298828125
0.7371828548714708,0.412109375
0.17409269244910994,0.1787109375
0.03589837738094052,0.1728515625
0.03589837731455889,0.1787109375
0.03589837744732213,0.1845703125
0.035898377380940504,0.1796875
0.03589837738094052,0.1787109375
0.035898377380940504,0.1787109375
0.03589837738094052,0.095703125
0.03589837738094052,0.06787109375
0.03589837738094052,0.06591796875
0.03589837738094052,0.0625
0.03589837738094052,0.0625
0.03589837738094052,0.05908203125
0.03589837738094052,0.05908203125
0.035898377380940504,0.045166015625
0.2633210946790648,0.2490234375
0.5735058660181216,0.32421875
0.5735058660181216,0.333984375
0.44615113092358133,0.326171875
0.24732748858471582,0.328125
0.24732748851833425,0.33203125
0.24732748851833425,0.33203125
0.24732748858471582,0.3359375
0.2473274885183342,0.1318359375
0.10301460226983973,0.11669921875
0.06855598475025279,0.1298828125
0.06855598468387117,0.1357421875
0.06855598468387117,0.1376953125
0.06855598461748943,0.125
0.06855598481663439,0.119140625
0.06855598468387113,0.10986328125
0.06855598468387117,0.25390625
0.06855598475025274,0.24609375
0.06855598468387117,0.2431640625
0.06855598468387117,0.240234375
0.06855598468387117,0.244140625
0.07434259155711499,0.25390625
0.726553558358703,0.2578125
0.7265535584914664,0.265625
0.3516647898319672,0.28515625
0.09365369400675533,0.130859375
0.09365369394037366,0.1337890625
0.09365369407313692,0.13671875
0.09365369400675526,0.1396484375
0.09365369400675533,0.1357421875
0.09365369400675533,0.1357421875
0.0936536940067553,0.1396484375
0.0936536940731369,0.150390625
0.09365369394037366,0.1533203125
0.10592175553647963,0.1572265625
0.1563359191102958,0.16015625
0.15633591930944063,0.1669921875
0.15633591917667736,0.1630859375
0.156335919243059,0.1572265625
0.15633591917667736,0.1572265625
0.15633591924305906,0.216796875
0.15633591917667736,0.271484375
0.2779081325234622,0.26953125
0.7405200418104191,0.26953125
0.7405200417440374,0.28125
0.180631800413898,0.27734375
0.031223861484459926,0.2734375
0.031223861484459894,0.265625
0.031223861484459974,0.08642578125
0.031223861484459894,0.03759765625
0.031223861484459894,0.0341796875
0.031223861484459894,0.03759765625
0.031223861484459877,0.03759765625
0.031223861484459974,0.033935546875
0.031223861484459926,0.033935546875
0.031223861484459894,0.033935546875
0.03122386141807828,0.2080078125
0.031223861550841524,0.27734375
0.031223861484459926,0.26171875
0.031223861484459926,0.25390625
0.031223861550841586,0.255859375
0.5767980994502377,0.251953125
0.7229557834952774,0.2470703125
0.5254172091845581,0.25
0.23594459820601676,0.1708984375
0.23594459820601668,0.1689453125
0.23594459820601668,0.17578125
0.23594459833878,0.1728515625
0.23594459820601668,0.1572265625
0.12929142617587194,0.16015625
0.06506680923720103,0.16015625
0.06506680923720103,0.1591796875
0.06506680930358272,0.10693359375
0.06506680910443786,0.08154296875
0.06506680923720108,0.09423828125
0.06506680923720103,0.09912109375
0.06506680923720103,0.095703125
0.06506680917081943,0.095703125
0.06506680936996441,0.0986328125
0.06506680910443786,0.08740234375
0.06506680923720105,0.33203125
0.0674519835035493,0.310546875
0.7338757911194758,0.296875
0.7338757911194758,0.291015625
0.3482575367510212,0.294921875
0.10039090221277129,0.294921875
0.10039090221277129,0.30078125
0.10039090221277129,0.30859375
0.10039090221277125,0.1396484375
0.10039090214638965,0.0615234375
0.10039090221277132,0.07470703125
0.10039090221277132,0.08447265625
0.10039090214638968,0.078125
0.10039090221277132,0.0732421875
0.13388198371566598,0.07666015625
0.15708316344058842,0.06640625
0.15708316344058842,0.2578125
0.1570831633078251,0.2275390625
0.15708316350697005,0.212890625
0.15708316330782515,0.2060546875
0.15708316344058842,0.2060546875
0.15708316330782515,0.2041015625
0.26425470364228043,0.205078125
0.7349753971720988,0.208984375
0.7349753972384805,0.2099609375
0.1805018191423257,0.201171875
0.0364916073025562,0.197265625
0.036491607236174554,0.197265625
0.03649160716979289,0.1962890625
0.03649160716979289,0.1962890625
0.03649160723617452,0.1962890625
0.03649160723617457,0.185546875
0.03649160723617457,0.07666015625
0.036491607169792925,0.068359375
0.036491607236174554,0.07470703125
0.03649160723617457,0.07470703125
0.036491607169792856,0.076171875
0.03649160723617457,0.076171875
0.03649160716979289,0.0830078125
0.036491607236174554,0.08447265625
0.1499676500445997,0.314453125
0.6185957082376726,0.337890625
0.6185957081049094,0.33203125
0.4665497748301833,0.32421875
0.24547127593590018,0.341796875
0.24547127593590018,0.333984375
0.2454712760022818,0.341796875
0.24547127593590023,0.337890625
0.24547127593590018,0.16015625
0.10517848388119479,0.08447265625
0.06853455622915045,0.09423828125
0.06853455636191368,0.10986328125
0.0685345563619136,0.10693359375
0.06853455629553204,0.0908203125
0.06853455622915045,0.0908203125
0.0685345563619136,0.095703125
0.0685345564282953,0.189453125
0.06853455616276873,0.296875
0.0685345563619136,0.291015625
0.0685345563619136,0.2890625
0.06853455629553204,0.28125
0.06853455629553198,0.271484375
0.756152540402732,0.263671875
0.7612413546708848,0.2734375
0.2409444673967006,0.1416015625
0.1122452770775405,0.1279296875
0.11224527701115897,0.1396484375
0.11224527714392223,0.1455078125
0.11224527714392213,0.1416015625
0.11224527714392216,0.1513671875
0.11224527701115887,0.150390625
0.11224527714392213,0.1435546875
0.11224527714392223,0.09423828125
0.1192076763325135,0.10986328125
0.1302343872485983,0.1162109375
0.13023438731497997,0.11328125
0.13023438738136153,0.11474609375
0.1302343872485983,0.10986328125
0.13023438731497985,0.1083984375
0.13023438738136156,0.10205078125
0.1302343873149799,0.2890625
0.13023438731497997,0.28125
0.3934099620442235,0.2578125
0.7437819369127203,0.2490234375
0.6122709760284504,0.25390625
0.058129109325367946,0.26171875
0.05812910945813117,0.271484375
0.058129109391749575,0.271484375
0.05812910939174954,0.134765625
0.05812910932536791,0.0830078125
0.058129109391749575,0.078125
0.05812910945813117,0.08154296875
0.05812910939174954,0.0849609375
0.05812910939174954,0.0849609375
0.05812910939174954,0.087890625
0.05812910939174954,0.0751953125
0.05812910939174954,0.216796875
0.10624726283606388,0.3203125
0.29008032318115196,0.296875
0.29008032331391526,0.298828125
0.29008032318115196,0.298828125
0.2900803233802969,0.291015625
0.29008032324753363,0.283203125
0.45094616426184064,0.294921875
0.4948119847921707,0.349609375
0.4948119848585523,0.400390625
0.23030489221963538,0.40625
0.04444308454152881,0.412109375
0.044443084541528746,0.423828125
0.04444308454152878,0.4296875
0.044443084541528746,0.43359375
0.044443084541528746,0.435546875
0.044443084541528746,0.349609375
0.04444308460791035,0.30078125
0.044443084541528746,0.302734375
0.04444308454152871,0.314453125
0.044443084541528684,0.3046875
0.044443084541528746,0.30078125
0.04444308454152871,0.29296875
0.044443084541528684,0.28125
0.044443084541528684,0.2216796875
0.3296256123026499,0.2021484375
0.7536965380660408,0.2138671875
0.7516570815838566,0.21484375
0.5885991127118194,0.21875
0.47625015436608203,0.2216796875
0.47625015429970047,0.23046875
0.5381422877888431,0.21484375
0.7522651401658105,0.5703125
0.7521579292536021,0.53125
0.7412979376590552,0.53125
0.7412979376590552,0.52734375
0.7537957603474111,0.53515625
0.7623626801952927,0.53125
0.7879603411023041,0.53515625
0.893729066736056,0.53125
0.8979452462894685,0.82421875
0.9157663156798871,0.8671875
0.9109211157526566,0.8671875
0.8910830817020996,0.875
0.8891864962108056,0.875
0.8809585256106028,0.875
0.8842670299767244,0.8828125
0.8979951413111927,0.8828125
0.9004992461664633,0.88671875
0.9105557402437425,0.890625
0.9079114118297356,0.88671875
0.8969174893894158,0.890625
0.8946894473441256,0.88671875
0.8855997393702683,0.88671875
0.889323404073523,0.890625
0.9030594663340638,0.89453125
0.901369262656967,0.88671875
0.8942827844530217,0.89453125
0.8931374140419606,0.90234375
0.8882600929071062,0.90625
0.8885439369053315,0.90625
0.8895989230851932,0.90234375
0.8950385246361844,0.90234375
0.9167998351692093,0.8984375
0.914683997859744,0.875
0.9065790032777372,0.85546875
0.9042217805233282,0.8515625
0.8943966404982656,0.85546875
0.8689584081520266,0.8515625
0.7614380810779054,0.86328125
0.761381361958272,0.87109375
0.7011286000814175,0.8671875
0.7416669230009891,0.50390625
0.741666923200134,0.50390625
0.7461102373902381,0.515625
0.7487130660672218,0.5078125
0.7552472323179725,0.51171875
0.7565442609881478,0.5078125
0.7577331584312015,0.5078125
0.7584278623654468,0.51171875
0.7462966229333744,0.310546875
0.7304054701134555,0.49609375
0.7302308252236278,0.49609375
0.7542049235025957,0.494140625
0.7717658831154154,0.50390625
0.7557591237666788,0.498046875
0.7341582192639226,0.490234375
0.7345373820381688,0.5078125
0.7461532548104599,0.59375
0.7461532548768415,0.7265625
0.7466997764268639,0.71484375
0.7470217660975115,0.6953125
0.5889348444419096,0.70703125
0.05796281936021074,0.70703125
0.05796281936021068,0.69921875
0.05796281936021074,0.69140625
0.057962819426592344,0.359375
0.057962819293829085,0.27734375
0.057962819426592344,0.326171875
0.057962819293829085,0.33203125
0.057962819293829085,0.3125
0.05796281942659231,0.294921875
0.05796281936021074,0.296875
0.05796281936021065,0.283203125
0.05796281929382905,0.2275390625
0.05251698324656323,0.412109375
0.034277447315565424,0.40625
0.205353523788186,0.416015625
0.43109472709644225,0.412109375
0.43109472709644225,0.41796875
0.43109472703006063,0.419921875
0.647956811048054,0.431640625
0.4743152142329957,0.419921875
0.07244308540687962,0.2373046875
0.07244308534049802,0.251953125
0.07244308540687962,0.248046875
0.07244308527411639,0.2421875
0.07244308540687965,0.2412109375
0.07244308540687971,0.240234375
0.0724430853404981,0.2373046875
0.07244308547326124,0.181640625
0.07244308520773482,0.0693359375
0.07244308547326128,0.076171875
0.07244308534049802,0.07958984375
0.2533070748875134,0.07958984375
0.3607533986588007,0.0810546875
0.36075339852603744,0.08447265625
0.36075339859241906,0.0693359375
0.4482420246718913,0.65234375
0.7478042002590214,0.61328125
0.7478042001926398,0.6015625
0.748428207624932,0.61328125
0.7485574169445331,0.6015625
0.7806990734957232,0.609375
0.8227804467561913,0.60546875
0.8431999803642077,0.6015625
0.9102038710731043,0.84765625
0.9075387044698275,0.8828125
0.8984831788531945,0.8828125
0.896826650112145,0.8828125
0.8913901264781756,0.8828125
0.8943379855575484,0.8828125
0.9044798191940824,0.88671875
0.9053739371283879,0.88671875
0.9081525813352379,0.890625
0.9055743993607616,0.8984375
0.8970931014595873,0.8984375
0.8963412479872219,0.8984375
0.8939133305895456,0.8984375
0.8992689817496456,0.8984375
0.9168704042184335,0.8984375
0.9068578470797097,0.90234375
0.8752318909551349,0.90234375
0.8842510216484459,0.90625
0.9135383794469146,0.91796875
0.9088347852103315,0.921875
0.8936051953624394,0.921875
0.8984774264203144,0.91796875
0.9145900984557283,0.91796875
0.9101819710432866,0.91015625
0.8958164518833313,0.88671875
0.895200833495867,0.859375
0.8932027306447391,0.859375
0.8998795427862739,0.86328125
0.8435168999387465,0.8671875
0.7778146338321537,0.87890625
0.7537792139960243,0.88671875
0.7522875038049295,0.89453125
0.7477429465438854,0.609375
0.7477429467430303,0.609375
0.7328450296541023,0.625
0.730202894621902,0.63671875
0.741909525619494,0.62890625
0.7565852681070975,0.63671875
0.757860090462616,0.6484375
0.7618828315575057,0.66796875
0.7248480494675491,0.546875
0.040586360716061844,0.0289306640625
0.04058636078244344,0.0252685546875
0.04058636064968023,0.025146484375
0.04058636064968023,0.0286865234375
0.0405863606496802,0.0213623046875
0.04058636078244347,0.021240234375
0.04058636078244347,0.0174560546875
0.0405863606496802,0.216796875
0.04058636064968028,0.19140625
0.04058636078244347,0.181640625
0.04058636078244352,0.1845703125
0.0405863605832986,0.189453125
0.04058636078244349,0.18359375
0.040586360649680166,0.17578125
0.1418528510950394,0.1611328125
0.44991519462367635,0.3515625
0.44991519469005803,0.478515625
0.44991519469005803,0.484375
0.38937901890155663,0.484375
0.35634560620806227,0.48828125
0.35634560620806227,0.474609375
0.35634560614168065,0.478515625
0.21276863586647174,0.470703125
0.033085141773264284,0.2255859375
0.03308514164050105,0.2041015625
0.03308514170688268,0.24609375
0.03308514170688268,0.26171875
0.03308514164050105,0.267578125
0.03308514170688268,0.26171875
0.03308514177326427,0.26171875
0.03308514164050105,0.248046875
0.03308514177326427,0.396484375
0.03353278264178247,0.4453125
0.03407880294411944,0.439453125
0.03264584481006591,0.439453125
0.15798760544422585,0.4375
0.6290232459520763,0.439453125
0.6290232458856946,0.435546875
0.45207094050250235,0.431640625
0.3564305132246183,0.171875
0.35643051329099984,0.107421875
0.3564305132246183,0.115234375
0.3349018128833877,0.12451171875
0.30828325900321063,0.12451171875
0.30828325900321063,0.12451171875
0.30828325893682906,0.1279296875
0.30828325900321063,0.12451171875
0.5117815401773348,0.57421875
0.7525502304127508,0.5703125
0.7537421408515923,0.56640625
0.7574281303954156,0.5703125
0.758851566549368,0.56640625
0.790174691206282,0.5625
0.7901746912726636,0.5625
0.8814812972739344,0.5703125
0.8984225497228117,0.87109375
0.8929579264131056,0.8828125
0.8919899890530805,0.88671875
0.9111054916583369,0.8828125
0.9146811383382837,0.87890625
0.8973244296229683,0.88671875
0.8941462231024108,0.8828125
0.8973756236004217,0.890625
0.8979791270749494,0.890625
0.9113364039408083,0.890625
0.9137366450447819,0.89453125
0.8964908660069492,0.8984375
0.8934139010305542,0.8984375
0.8966495467786636,0.8984375
0.8972457296870741,0.8984375
0.9247754722014359,0.8984375
0.9012417176575843,0.90234375
0.9098878950470493,0.9140625
0.898845299670807,0.91796875
0.8968356932151699,0.921875
0.9101406046005756,0.91796875
0.9125099443257517,0.91796875
0.8987359804116595,0.9140625
0.8962536033258779,0.90625
0.8957383897421345,0.87890625
0.8956466974609228,0.859375
0.9109079759737396,0.859375
0.9136159124601413,0.8515625
0.8077606846592732,0.84765625
0.7890771463032596,0.84765625
0.7614683158523781,0.83984375
0.7464210229039078,0.82421875
0.7496734782729472,0.59765625
0.7596602156130042,0.494140625
0.7596602154138593,0.49609375
0.7385770972476667,0.4921875
0.7345476036142646,0.5
0.7394180978631817,0.498046875
0.7454517093199368,0.5
0.7455275722377435,0.50390625
0.7472456524819195,0.1240234375
0.747245652415538,0.455078125
0.7562182547642352,0.458984375
0.7611978507396994,0.45703125
0.7460867778567952,0.44921875
0.7277680855498174,0.451171875
0.7286541260346644,0.443359375
0.7503838472096823,0.44921875
0.7503838472096823,0.474609375
0.3262133731647382,0.486328125
0.0968111212185486,0.48828125
0.09681112115216707,0.494140625
0.09681112115216707,0.4921875
0.09681112121854867,0.486328125
0.09681112115216707,0.486328125
0.09681112115216707,0.48828125
0.09681112115216707,0.45703125
0.09681112121854869,0.3984375
0.09681112115216707,0.408203125
0.12194325598818494,0.412109375
0.15480731772681572,0.4140625
0.15480731779319737,0.412109375
0.1548073176604341,0.416015625
0.15480731785957905,0.412109375
0.15480731772681572,0.41796875
0.15480731779319742,0.443359375
0.15480731779319742,0.443359375
0.30026068159559516,0.447265625
0.7464076033264221,0.44921875
0.7464076032600405,0.451171875
0.14642144607352048,0.453125
0.03573596231065032,0.462890625
0.035735962244268726,0.41015625
0.035735962310650383,0.224609375
0.03573596231065032,0.205078125
0.03573596217788711,0.2041015625
0.035735962377032,0.18359375
0.03573596231065029,0.1806640625
0.035735962310650383,0.17578125
0.035735962310650356,0.173828125
0.035735962177887035,0.107421875
0.035735962377032034,0.057861328125
0.03573596231065032,0.057861328125
0.03573596224426871,0.054443359375
0.035735962377032,0.057861328125
0.2722434620657122,0.05078125
0.5689149447069971,0.0576171875
0.5689149447069971,0.05419921875
0.6487833078085447,0.60546875
0.7487065937919498,0.578125
0.747873829875423,0.57421875
0.7317946348260367,0.5859375
0.7317946349588,0.58984375
0.7564972244257776,0.59765625
0.769898560505154,0.59375
0.8331543078201931,0.6171875
0.9143751911824539,0.87109375
0.9072568809292636,0.890625
0.8981980676960407,0.890625
0.8895028917023782,0.88671875
0.8786845419015419,0.890625
0.8923635172218393,0.890625
0.9092338837155924,0.890625
0.903471597544673,0.89453125
0.8961266947271785,0.89453125
0.8882213311467793,0.89453125
0.8782002806113058,0.89453125
0.8928583205786791,0.8984375
0.9113517142662512,0.89453125
0.8974321263823241,0.8984375
0.8795925369155244,0.89453125
0.8867348588645532,0.8984375
0.8957393563250438,0.8984375
0.8882978880845239,0.9140625
0.8789379791304924,0.9140625
0.8902851202135995,0.91796875
0.9044026703313464,0.91796875
0.899188141404485,0.91015625
0.8931569324316699,0.91015625
0.8952607872595497,0.90234375
0.897740688045019,0.875
0.903868833580551,0.86328125
0.9109585486855212,0.85546875
0.8712650791712491,0.85546875
0.8244740443268667,0.86328125
0.7743753468354267,0.859375
0.7408872492531662,0.8515625
0.7408872491867845,0.8359375
0.7365698232433506,0.5546875
0.7355697048658535,0.58203125
0.7467415604764069,0.58984375
0.762041658103279,0.58984375
0.7572843170509111,0.59765625
0.7371399028371542,0.59375
0.7371399029035358,0.58984375
0.7425643227103009,0.59375
0.7438723228698422,0.1357421875
0.46723546958241646,0.030517578125
0.04662341897255461,0.0303955078125
0.04662341897255461,0.03759765625
0.04662341890617297,0.048095703125
0.04662341903893628,0.04443359375
0.04662341897255465,0.0478515625
0.04662341890617297,0.04443359375
0.04662341903893628,0.255859375
0.04662341897255461,0.19921875
0.046623418906173004,0.1845703125
0.04662341910531792,0.1875
0.04662341897255461,0.1943359375
0.04662341890617297,0.1962890625
0.04662341897255461,0.1962890625
0.04742700530844272,0.181640625
0.39556830696299505,0.408203125
0.39556830689661343,0.5
0.39556830696299505,0.49609375
0.3955683069629951,0.490234375
0.3592358319599983,0.4921875
0.3590297435526039,0.486328125
